go
INSERT [dbo].[Departamentos] ([intIdDepartamento], [strNombre],[intCodigo] ) VALUES (1, N'Antioquia', 5)
INSERT [dbo].[Departamentos] ([intIdDepartamento], [strNombre], [intCodigo]) VALUES (2, N'Atlantico', 8)
INSERT [dbo].[Departamentos] ([intIdDepartamento], [strNombre], [intCodigo]) VALUES (3, N'D. C. Santa Fe de Bogotá', 11)
INSERT [dbo].[Departamentos] ([intIdDepartamento], [strNombre], [intCodigo]) VALUES (4, N'Bolivar', 13)
INSERT [dbo].[Departamentos] ([intIdDepartamento], [strNombre], [intCodigo]) VALUES (5, N'Boyaca', 15)
INSERT [dbo].[Departamentos] ([intIdDepartamento], [strNombre], [intCodigo]) VALUES (6, N'Caldas', 17)
INSERT [dbo].[Departamentos] ([intIdDepartamento], [strNombre], [intCodigo]) VALUES (7, N'Caqueta', 18)
INSERT [dbo].[Departamentos] ([intIdDepartamento], [strNombre], [intCodigo]) VALUES (8, N'Cauca', 19)
INSERT [dbo].[Departamentos] ([intIdDepartamento], [strNombre], [intCodigo]) VALUES (9, N'Cesar', 20)
INSERT [dbo].[Departamentos] ([intIdDepartamento], [strNombre], [intCodigo]) VALUES (10, N'Cordova', 23)
INSERT [dbo].[Departamentos] ([intIdDepartamento], [strNombre], [intCodigo]) VALUES (11, N'Cundinamarca', 25)
INSERT [dbo].[Departamentos] ([intIdDepartamento], [strNombre], [intCodigo]) VALUES (12, N'Choco', 27)
INSERT [dbo].[Departamentos] ([intIdDepartamento], [strNombre], [intCodigo]) VALUES (13, N'Huila', 41)
INSERT [dbo].[Departamentos] ([intIdDepartamento], [strNombre], [intCodigo]) VALUES (14, N'La Guajira', 44)
INSERT [dbo].[Departamentos] ([intIdDepartamento], [strNombre], [intCodigo]) VALUES (15, N'Magdalena', 47)
INSERT [dbo].[Departamentos] ([intIdDepartamento], [strNombre], [intCodigo]) VALUES (16, N'Meta', 50)
INSERT [dbo].[Departamentos] ([intIdDepartamento], [strNombre], [intCodigo]) VALUES (17, N'Nariño', 52)
INSERT [dbo].[Departamentos] ([intIdDepartamento], [strNombre], [intCodigo]) VALUES (18, 'Norte de Santander', 54)
INSERT [dbo].[Departamentos] ([intIdDepartamento], [strNombre], [intCodigo]) VALUES (19, N'Quindio', 63)
INSERT [dbo].[Departamentos] ([intIdDepartamento], [strNombre], [intCodigo]) VALUES (20, N'Risaralda', 66)
INSERT [dbo].[Departamentos] ([intIdDepartamento], [strNombre], [intCodigo]) VALUES (21, N'Santander', 68)
INSERT [dbo].[Departamentos] ([intIdDepartamento], [strNombre], [intCodigo]) VALUES (22, N'Sucre', 70)
INSERT [dbo].[Departamentos] ([intIdDepartamento], [strNombre], [intCodigo]) VALUES (23, N'Tolima', 73)
INSERT [dbo].[Departamentos] ([intIdDepartamento], [strNombre], [intCodigo]) VALUES (24, N'Valle', 76)
INSERT [dbo].[Departamentos] ([intIdDepartamento], [strNombre], [intCodigo]) VALUES (25, N'Arauca', 81)
INSERT [dbo].[Departamentos] ([intIdDepartamento], [strNombre], [intCodigo]) VALUES (26, N'Casanare', 85)
INSERT [dbo].[Departamentos] ([intIdDepartamento], [strNombre], [intCodigo]) VALUES (27, N'Putumayo', 86)
INSERT [dbo].[Departamentos] ([intIdDepartamento], [strNombre], [intCodigo]) VALUES (28, N'San Andres', 88)
INSERT [dbo].[Departamentos] ([intIdDepartamento], [strNombre], [intCodigo]) VALUES (29, N'Amazonas', 91)
INSERT [dbo].[Departamentos] ([intIdDepartamento], [strNombre], [intCodigo]) VALUES (30, N'Guainia', 94)
INSERT [dbo].[Departamentos] ([intIdDepartamento], [strNombre], [intCodigo]) VALUES (31, N'Guaviare', 95)
INSERT [dbo].[Departamentos] ([intIdDepartamento], [strNombre], [intCodigo]) VALUES (32, N'Vaupes', 97)
INSERT [dbo].[Departamentos] ([intIdDepartamento], [strNombre], [intCodigo]) VALUES (33, N'Vichada', 99)
INSERT [dbo].[Ciudades] ([intIdCiudad], [intIdDepartamento], [intCodigo],[strDescripcion] ) VALUES (1, 1, 1, N'MEDELLIN')
INSERT [dbo].[Ciudades] ([intIdCiudad], [intIdDepartamento], [intCodigo], [strDescripcion]) VALUES (2, 1, 2, N'ABEJORRAL')
INSERT [dbo].[Ciudades] ([intIdCiudad], [intIdDepartamento], [intCodigo], [strDescripcion]) VALUES (3, 1, 4, N'ABRIAQUI')
INSERT [dbo].[Ciudades] ([intIdCiudad], [intIdDepartamento], [intCodigo], [strDescripcion]) VALUES (4, 1, 21, N'ALEJANDRIA')
INSERT [dbo].[Ciudades] ([intIdCiudad], [intIdDepartamento], [intCodigo], [strDescripcion]) VALUES (5, 1, 30, N'AMAGA')
INSERT [dbo].[Ciudades] ([intIdCiudad], [intIdDepartamento], [intCodigo], [strDescripcion]) VALUES (6, 1, 31, N'AMALFI')
INSERT [dbo].[Ciudades] ([intIdCiudad], [intIdDepartamento], [intCodigo], [strDescripcion]) VALUES (7, 1, 34, N'ANDES')
INSERT [dbo].[Ciudades] ([intIdCiudad], [intIdDepartamento], [intCodigo], [strDescripcion]) VALUES (8, 1, 36, N'ANGELOPOLIS')
INSERT [dbo].[Ciudades] ([intIdCiudad], [intIdDepartamento], [intCodigo], [strDescripcion]) VALUES (9, 1, 38, N'ANGOSTURA')
INSERT [dbo].[Ciudades] ([intIdCiudad], [intIdDepartamento], [intCodigo], [strDescripcion]) VALUES (10, 1, 40, N'ANORI')
INSERT [dbo].[Ciudades] ([intIdCiudad], [intIdDepartamento], [intCodigo], [strDescripcion]) VALUES (11, 1, 42, N'ANTIOQUIA')
INSERT [dbo].[Ciudades] ([intIdCiudad], [intIdDepartamento], [intCodigo], [strDescripcion]) VALUES (12, 1, 44, N'ANZA')
INSERT [dbo].[Ciudades] ([intIdCiudad], [intIdDepartamento], [intCodigo], [strDescripcion]) VALUES (13, 1, 45, N'APARTADO')
INSERT [dbo].[Ciudades] ([intIdCiudad], [intIdDepartamento], [intCodigo], [strDescripcion]) VALUES (14, 1, 51, N'ARBOLETES')
INSERT [dbo].[Ciudades] ([intIdCiudad], [intIdDepartamento], [intCodigo], [strDescripcion]) VALUES (15, 1, 55, N'ARGELIA')
INSERT [dbo].[Ciudades] ([intIdCiudad], [intIdDepartamento], [intCodigo], [strDescripcion]) VALUES (16, 1, 59, N'ARMENIA')
INSERT [dbo].[Ciudades] ([intIdCiudad], [intIdDepartamento], [intCodigo], [strDescripcion]) VALUES (17, 1, 79, N'BARBOSA')
INSERT [dbo].[Ciudades] ([intIdCiudad], [intIdDepartamento], [intCodigo], [strDescripcion]) VALUES (18, 1, 86, N'BELMIRA')
INSERT [dbo].[Ciudades] ([intIdCiudad], [intIdDepartamento], [intCodigo], [strDescripcion]) VALUES (19, 1, 88, N'BELLO')
INSERT [dbo].[Ciudades] ([intIdCiudad], [intIdDepartamento], [intCodigo], [strDescripcion]) VALUES (20, 1, 91, N'BETANIA')
INSERT [dbo].[Ciudades] ([intIdCiudad], [intIdDepartamento], [intCodigo], [strDescripcion]) VALUES (21, 1, 93, N'BETULIA')
INSERT [dbo].[Ciudades] ([intIdCiudad], [intIdDepartamento], [intCodigo], [strDescripcion]) VALUES (22, 1, 101, N'BOLIVAR')
INSERT [dbo].[Ciudades] ([intIdCiudad], [intIdDepartamento], [intCodigo], [strDescripcion]) VALUES (23, 1, 107, N'BRICEÑO')
INSERT [dbo].[Ciudades] ([intIdCiudad], [intIdDepartamento], [intCodigo], [strDescripcion]) VALUES (24, 1, 113, N'BURITICA')
INSERT [dbo].[Ciudades] ([intIdCiudad], [intIdDepartamento], [intCodigo], [strDescripcion]) VALUES (25, 1, 120, N'CACERES')
INSERT [dbo].[Ciudades] ([intIdCiudad], [intIdDepartamento], [intCodigo], [strDescripcion]) VALUES (26, 1, 125, N'CAICEDO')
INSERT [dbo].[Ciudades] ([intIdCiudad], [intIdDepartamento], [intCodigo], [strDescripcion]) VALUES (27, 1, 129, N'CALDAS')
INSERT [dbo].[Ciudades] ([intIdCiudad], [intIdDepartamento], [intCodigo], [strDescripcion]) VALUES (28, 1, 134, N'CAMPAMENTO')
INSERT [dbo].[Ciudades] ([intIdCiudad], [intIdDepartamento], [intCodigo], [strDescripcion]) VALUES (29, 1, 138, N'CAÑASGORDAS')
INSERT [dbo].[Ciudades] ([intIdCiudad], [intIdDepartamento], [intCodigo], [strDescripcion]) VALUES (30, 1, 142, N'CARACOLI')
INSERT [dbo].[Ciudades] ([intIdCiudad], [intIdDepartamento], [intCodigo], [strDescripcion]) VALUES (31, 1, 145, N'CARAMANTA')
INSERT [dbo].[Ciudades] ([intIdCiudad], [intIdDepartamento], [intCodigo], [strDescripcion]) VALUES (32, 1, 147, N'CAREPA')
INSERT [dbo].[Ciudades] ([intIdCiudad], [intIdDepartamento], [intCodigo], [strDescripcion]) VALUES (33, 1, 148, N'CARMEN DE VIBORAL')
INSERT [dbo].[Ciudades] ([intIdCiudad], [intIdDepartamento], [intCodigo], [strDescripcion]) VALUES (34, 1, 150, N'CAROLINA')
INSERT [dbo].[Ciudades] ([intIdCiudad], [intIdDepartamento], [intCodigo], [strDescripcion]) VALUES (35, 1, 154, N'CAUCASIA')
INSERT [dbo].[Ciudades] ([intIdCiudad], [intIdDepartamento], [intCodigo], [strDescripcion]) VALUES (36, 1, 172, N'CHIGORODO')
INSERT [dbo].[Ciudades] ([intIdCiudad], [intIdDepartamento], [intCodigo], [strDescripcion]) VALUES (37, 1, 190, N'CISNEROS')
INSERT [dbo].[Ciudades] ([intIdCiudad], [intIdDepartamento], [intCodigo], [strDescripcion]) VALUES (38, 1, 197, N'COCORNA')
INSERT [dbo].[Ciudades] ([intIdCiudad], [intIdDepartamento], [intCodigo], [strDescripcion]) VALUES (39, 1, 206, N'CONCEPCION')
INSERT [dbo].[Ciudades] ([intIdCiudad], [intIdDepartamento], [intCodigo], [strDescripcion]) VALUES (40, 1, 209, N'CONCORDIA')
INSERT [dbo].[Ciudades] ([intIdCiudad], [intIdDepartamento], [intCodigo], [strDescripcion]) VALUES (41, 1, 212, N'COPACABANA')
INSERT [dbo].[Ciudades] ([intIdCiudad], [intIdDepartamento], [intCodigo], [strDescripcion]) VALUES (42, 1, 234, N'DABEIBA')
INSERT [dbo].[Ciudades] ([intIdCiudad], [intIdDepartamento], [intCodigo], [strDescripcion]) VALUES (43, 1, 237, N'DON MATIAS')
INSERT [dbo].[Ciudades] ([intIdCiudad], [intIdDepartamento], [intCodigo], [strDescripcion]) VALUES (44, 1, 240, N'EBEJICO')
INSERT [dbo].[Ciudades] ([intIdCiudad], [intIdDepartamento], [intCodigo], [strDescripcion]) VALUES (45, 1, 250, N'EL BAGRE')
INSERT [dbo].[Ciudades] ([intIdCiudad], [intIdDepartamento], [intCodigo], [strDescripcion]) VALUES (46, 1, 264, N'ENTRERRIOS')
INSERT [dbo].[Ciudades] ([intIdCiudad], [intIdDepartamento], [intCodigo], [strDescripcion]) VALUES (47, 1, 266, N'ENVIGADO')
INSERT [dbo].[Ciudades] ([intIdCiudad], [intIdDepartamento], [intCodigo], [strDescripcion]) VALUES (48, 1, 282, N'FREDONIA')
INSERT [dbo].[Ciudades] ([intIdCiudad], [intIdDepartamento], [intCodigo], [strDescripcion]) VALUES (49, 1, 284, N'FRONTINO')
INSERT [dbo].[Ciudades] ([intIdCiudad], [intIdDepartamento], [intCodigo], [strDescripcion]) VALUES (50, 1, 306, N'GIRALDO')
INSERT [dbo].[Ciudades] ([intIdCiudad], [intIdDepartamento], [intCodigo], [strDescripcion]) VALUES (51, 1, 308, N'GIRARDOTA')
INSERT [dbo].[Ciudades] ([intIdCiudad], [intIdDepartamento], [intCodigo], [strDescripcion]) VALUES (52, 1, 310, N'GOMEZ PLATA')
INSERT [dbo].[Ciudades] ([intIdCiudad], [intIdDepartamento], [intCodigo], [strDescripcion]) VALUES (53, 1, 313, N'GRANADA')
INSERT [dbo].[Ciudades] ([intIdCiudad], [intIdDepartamento], [intCodigo], [strDescripcion]) VALUES (54, 1, 315, N'GUADALUPE')
INSERT [dbo].[Ciudades] ([intIdCiudad], [intIdDepartamento], [intCodigo], [strDescripcion]) VALUES (55, 1, 318, N'GUARNE')
INSERT [dbo].[Ciudades] ([intIdCiudad], [intIdDepartamento], [intCodigo], [strDescripcion]) VALUES (56, 1, 321, N'GUATAPE')
INSERT [dbo].[Ciudades] ([intIdCiudad], [intIdDepartamento], [intCodigo], [strDescripcion]) VALUES (57, 1, 347, N'HELICONIA')
INSERT [dbo].[Ciudades] ([intIdCiudad], [intIdDepartamento], [intCodigo], [strDescripcion]) VALUES (58, 1, 353, N'HISPANIA')
INSERT [dbo].[Ciudades] ([intIdCiudad], [intIdDepartamento], [intCodigo], [strDescripcion]) VALUES (59, 1, 360, N'ITAGUI')
INSERT [dbo].[Ciudades] ([intIdCiudad], [intIdDepartamento], [intCodigo], [strDescripcion]) VALUES (60, 1, 361, N'ITUANGO')
INSERT [dbo].[Ciudades] ([intIdCiudad], [intIdDepartamento], [intCodigo], [strDescripcion]) VALUES (61, 1, 364, N'JARDIN')
INSERT [dbo].[Ciudades] ([intIdCiudad], [intIdDepartamento], [intCodigo], [strDescripcion]) VALUES (62, 1, 368, N'JERICO')
INSERT [dbo].[Ciudades] ([intIdCiudad], [intIdDepartamento], [intCodigo], [strDescripcion]) VALUES (63, 1, 376, N'LA CEJA')
INSERT [dbo].[Ciudades] ([intIdCiudad], [intIdDepartamento], [intCodigo], [strDescripcion]) VALUES (64, 1, 380, N'LA ESTRELLA')
INSERT [dbo].[Ciudades] ([intIdCiudad], [intIdDepartamento], [intCodigo], [strDescripcion]) VALUES (65, 1, 390, N'LA PINTADA')
INSERT [dbo].[Ciudades] ([intIdCiudad], [intIdDepartamento], [intCodigo], [strDescripcion]) VALUES (66, 1, 400, N'LA UNION')
INSERT [dbo].[Ciudades] ([intIdCiudad], [intIdDepartamento], [intCodigo], [strDescripcion]) VALUES (67, 1, 411, N'LIBORINA')
INSERT [dbo].[Ciudades] ([intIdCiudad], [intIdDepartamento], [intCodigo], [strDescripcion]) VALUES (68, 1, 425, N'MACEO')
INSERT [dbo].[Ciudades] ([intIdCiudad], [intIdDepartamento], [intCodigo], [strDescripcion]) VALUES (69, 1, 440, N'MARINILLA')
INSERT [dbo].[Ciudades] ([intIdCiudad], [intIdDepartamento], [intCodigo], [strDescripcion]) VALUES (70, 1, 467, N'MONTEBELLO')
INSERT [dbo].[Ciudades] ([intIdCiudad], [intIdDepartamento], [intCodigo], [strDescripcion]) VALUES (71, 1, 475, N'MURINDO')
INSERT [dbo].[Ciudades] ([intIdCiudad], [intIdDepartamento], [intCodigo], [strDescripcion]) VALUES (72, 1, 480, N'MUTATA')
INSERT [dbo].[Ciudades] ([intIdCiudad], [intIdDepartamento], [intCodigo], [strDescripcion]) VALUES (73, 1, 483, N'NARIÑO')
INSERT [dbo].[Ciudades] ([intIdCiudad], [intIdDepartamento], [intCodigo], [strDescripcion]) VALUES (74, 1, 490, N'NECOCLI')
INSERT [dbo].[Ciudades] ([intIdCiudad], [intIdDepartamento], [intCodigo], [strDescripcion]) VALUES (75, 1, 495, N'NECHI')
INSERT [dbo].[Ciudades] ([intIdCiudad], [intIdDepartamento], [intCodigo], [strDescripcion]) VALUES (76, 1, 501, N'OLAYA')
INSERT [dbo].[Ciudades] ([intIdCiudad], [intIdDepartamento], [intCodigo], [strDescripcion]) VALUES (77, 1, 541, N'PEÑOL')
INSERT [dbo].[Ciudades] ([intIdCiudad], [intIdDepartamento], [intCodigo], [strDescripcion]) VALUES (78, 1, 543, N'PEQUE')
INSERT [dbo].[Ciudades] ([intIdCiudad], [intIdDepartamento], [intCodigo], [strDescripcion]) VALUES (79, 1, 576, N'PUEBLORRICO')
INSERT [dbo].[Ciudades] ([intIdCiudad], [intIdDepartamento], [intCodigo], [strDescripcion]) VALUES (80, 1, 579, N'PUERTO BERRIO')
INSERT [dbo].[Ciudades] ([intIdCiudad], [intIdDepartamento], [intCodigo], [strDescripcion]) VALUES (81, 1, 585, N'PUERTO NARE (LA MAGDALENA)')
INSERT [dbo].[Ciudades] ([intIdCiudad], [intIdDepartamento], [intCodigo], [strDescripcion]) VALUES (82, 1, 591, N'PUERTO TRIUNFO')
INSERT [dbo].[Ciudades] ([intIdCiudad], [intIdDepartamento], [intCodigo], [strDescripcion]) VALUES (83, 1, 604, N'REMEDIOS')
INSERT [dbo].[Ciudades] ([intIdCiudad], [intIdDepartamento], [intCodigo], [strDescripcion]) VALUES (84, 1, 607, N'RETIRO')
INSERT [dbo].[Ciudades] ([intIdCiudad], [intIdDepartamento], [intCodigo], [strDescripcion]) VALUES (85, 1, 615, N'RIONEGRO')
INSERT [dbo].[Ciudades] ([intIdCiudad], [intIdDepartamento], [intCodigo], [strDescripcion]) VALUES (86, 1, 628, N'SABANALARGA')
INSERT [dbo].[Ciudades] ([intIdCiudad], [intIdDepartamento], [intCodigo], [strDescripcion]) VALUES (87, 1, 631, N'SABANETA')
INSERT [dbo].[Ciudades] ([intIdCiudad], [intIdDepartamento], [intCodigo], [strDescripcion]) VALUES (88, 1, 642, N'SALGAR')
INSERT [dbo].[Ciudades] ([intIdCiudad], [intIdDepartamento], [intCodigo], [strDescripcion]) VALUES (89, 1, 647, N'SAN ANDRES')
INSERT [dbo].[Ciudades] ([intIdCiudad], [intIdDepartamento], [intCodigo], [strDescripcion]) VALUES (90, 1, 649, N'SAN CARLOS')
INSERT [dbo].[Ciudades] ([intIdCiudad], [intIdDepartamento], [intCodigo], [strDescripcion]) VALUES (91, 1, 652, N'SAN FRANCISCO')
INSERT [dbo].[Ciudades] ([intIdCiudad], [intIdDepartamento], [intCodigo], [strDescripcion]) VALUES (92, 1, 656, N'SAN JERONIMO')
INSERT [dbo].[Ciudades] ([intIdCiudad], [intIdDepartamento], [intCodigo], [strDescripcion]) VALUES (93, 1, 658, N'SAN JOSE DE LA MONTAÑA')
INSERT [dbo].[Ciudades] ([intIdCiudad], [intIdDepartamento], [intCodigo], [strDescripcion]) VALUES (94, 1, 659, N'SAN JUAN DE URABA')
INSERT [dbo].[Ciudades] ([intIdCiudad], [intIdDepartamento], [intCodigo], [strDescripcion]) VALUES (95, 1, 660, N'SAN LUIS')
INSERT [dbo].[Ciudades] ([intIdCiudad], [intIdDepartamento], [intCodigo], [strDescripcion]) VALUES (96, 1, 664, N'SAN PEDRO')
INSERT [dbo].[Ciudades] ([intIdCiudad], [intIdDepartamento], [intCodigo], [strDescripcion]) VALUES (97, 1, 665, N'SAN PEDRO DE URABA')
INSERT [dbo].[Ciudades] ([intIdCiudad], [intIdDepartamento], [intCodigo], [strDescripcion]) VALUES (98, 1, 667, N'SAN RAFAEL')
INSERT [dbo].[Ciudades] ([intIdCiudad], [intIdDepartamento], [intCodigo], [strDescripcion]) VALUES (99, 1, 670, N'SAN ROQUE')
INSERT [dbo].[Ciudades] ([intIdCiudad], [intIdDepartamento], [intCodigo], [strDescripcion]) VALUES (100, 1, 674, N'SAN VICENTE')
GO
INSERT [dbo].[Ciudades] ([intIdCiudad], [intIdDepartamento], [intCodigo], [strDescripcion]) VALUES (101, 1, 679, N'SANTA BARBARA')
INSERT [dbo].[Ciudades] ([intIdCiudad], [intIdDepartamento], [intCodigo], [strDescripcion]) VALUES (102, 1, 686, N'SANTA ROSA DE OSOS')
INSERT [dbo].[Ciudades] ([intIdCiudad], [intIdDepartamento], [intCodigo], [strDescripcion]) VALUES (103, 1, 690, N'SANTO DOMINGO')
INSERT [dbo].[Ciudades] ([intIdCiudad], [intIdDepartamento], [intCodigo], [strDescripcion]) VALUES (104, 1, 697, N'SANTUARIO')
INSERT [dbo].[Ciudades] ([intIdCiudad], [intIdDepartamento], [intCodigo], [strDescripcion]) VALUES (105, 1, 736, N'SEGOVIA')
INSERT [dbo].[Ciudades] ([intIdCiudad], [intIdDepartamento], [intCodigo], [strDescripcion]) VALUES (106, 1, 756, N'SONSON')
INSERT [dbo].[Ciudades] ([intIdCiudad], [intIdDepartamento], [intCodigo], [strDescripcion]) VALUES (107, 1, 761, N'SOPETRAN')
INSERT [dbo].[Ciudades] ([intIdCiudad], [intIdDepartamento], [intCodigo], [strDescripcion]) VALUES (108, 1, 789, N'TAMESIS')
INSERT [dbo].[Ciudades] ([intIdCiudad], [intIdDepartamento], [intCodigo], [strDescripcion]) VALUES (109, 1, 790, N'TARAZA')
INSERT [dbo].[Ciudades] ([intIdCiudad], [intIdDepartamento], [intCodigo], [strDescripcion]) VALUES (110, 1, 792, N'TARSO')
INSERT [dbo].[Ciudades] ([intIdCiudad], [intIdDepartamento], [intCodigo], [strDescripcion]) VALUES (111, 1, 809, N'TITIRIBI')
INSERT [dbo].[Ciudades] ([intIdCiudad], [intIdDepartamento], [intCodigo], [strDescripcion]) VALUES (112, 1, 819, N'TOLEDO')
INSERT [dbo].[Ciudades] ([intIdCiudad], [intIdDepartamento], [intCodigo], [strDescripcion]) VALUES (113, 1, 837, N'TURBO')
INSERT [dbo].[Ciudades] ([intIdCiudad], [intIdDepartamento], [intCodigo], [strDescripcion]) VALUES (114, 1, 842, N'URAMITA')
INSERT [dbo].[Ciudades] ([intIdCiudad], [intIdDepartamento], [intCodigo], [strDescripcion]) VALUES (115, 1, 847, N'URRAO')
INSERT [dbo].[Ciudades] ([intIdCiudad], [intIdDepartamento], [intCodigo], [strDescripcion]) VALUES (116, 1, 854, N'VALDIVIA')
INSERT [dbo].[Ciudades] ([intIdCiudad], [intIdDepartamento], [intCodigo], [strDescripcion]) VALUES (117, 1, 856, N'VALPARAISO')
INSERT [dbo].[Ciudades] ([intIdCiudad], [intIdDepartamento], [intCodigo], [strDescripcion]) VALUES (118, 1, 858, N'VEGACHI')
INSERT [dbo].[Ciudades] ([intIdCiudad], [intIdDepartamento], [intCodigo], [strDescripcion]) VALUES (119, 1, 861, N'VENECIA')
INSERT [dbo].[Ciudades] ([intIdCiudad], [intIdDepartamento], [intCodigo], [strDescripcion]) VALUES (120, 1, 873, N'VIGIA DEL FUERTE')
INSERT [dbo].[Ciudades] ([intIdCiudad], [intIdDepartamento], [intCodigo], [strDescripcion]) VALUES (121, 1, 885, N'YALI')
INSERT [dbo].[Ciudades] ([intIdCiudad], [intIdDepartamento], [intCodigo], [strDescripcion]) VALUES (122, 1, 887, N'YARUMAL')
INSERT [dbo].[Ciudades] ([intIdCiudad], [intIdDepartamento], [intCodigo], [strDescripcion]) VALUES (123, 1, 890, N'YOLOMBO')
INSERT [dbo].[Ciudades] ([intIdCiudad], [intIdDepartamento], [intCodigo], [strDescripcion]) VALUES (124, 1, 893, N'YONDO')
INSERT [dbo].[Ciudades] ([intIdCiudad], [intIdDepartamento], [intCodigo], [strDescripcion]) VALUES (125, 1, 895, N'ZARAGOZA')
INSERT [dbo].[Ciudades] ([intIdCiudad], [intIdDepartamento], [intCodigo], [strDescripcion]) VALUES (126, 2, 1, N'BARRANQUILLA (DISTRITO ESPECIAL INDUSTRIAL Y PORTUARIO DE BARRANQUILLA)')
INSERT [dbo].[Ciudades] ([intIdCiudad], [intIdDepartamento], [intCodigo], [strDescripcion]) VALUES (127, 2, 78, N'BARANOA')
INSERT [dbo].[Ciudades] ([intIdCiudad], [intIdDepartamento], [intCodigo], [strDescripcion]) VALUES (128, 2, 137, N'CAMPO DE LA CRUZ')
INSERT [dbo].[Ciudades] ([intIdCiudad], [intIdDepartamento], [intCodigo], [strDescripcion]) VALUES (129, 2, 141, N'CANDELARIA')
INSERT [dbo].[Ciudades] ([intIdCiudad], [intIdDepartamento], [intCodigo], [strDescripcion]) VALUES (130, 2, 296, N'GALAPA')
INSERT [dbo].[Ciudades] ([intIdCiudad], [intIdDepartamento], [intCodigo], [strDescripcion]) VALUES (131, 2, 372, N'JUAN DE ACOSTA')
INSERT [dbo].[Ciudades] ([intIdCiudad], [intIdDepartamento], [intCodigo], [strDescripcion]) VALUES (132, 2, 421, N'LURUACO')
INSERT [dbo].[Ciudades] ([intIdCiudad], [intIdDepartamento], [intCodigo], [strDescripcion]) VALUES (133, 2, 433, N'MALAMBO')
INSERT [dbo].[Ciudades] ([intIdCiudad], [intIdDepartamento], [intCodigo], [strDescripcion]) VALUES (134, 2, 436, N'MANATI')
INSERT [dbo].[Ciudades] ([intIdCiudad], [intIdDepartamento], [intCodigo], [strDescripcion]) VALUES (135, 2, 520, N'PALMAR DE VARELA')
INSERT [dbo].[Ciudades] ([intIdCiudad], [intIdDepartamento], [intCodigo], [strDescripcion]) VALUES (136, 2, 549, N'PIOJO')
INSERT [dbo].[Ciudades] ([intIdCiudad], [intIdDepartamento], [intCodigo], [strDescripcion]) VALUES (137, 2, 558, N'POLO NUEVO')
INSERT [dbo].[Ciudades] ([intIdCiudad], [intIdDepartamento], [intCodigo], [strDescripcion]) VALUES (138, 2, 560, N'PONEDERA')
INSERT [dbo].[Ciudades] ([intIdCiudad], [intIdDepartamento], [intCodigo], [strDescripcion]) VALUES (139, 2, 573, N'PUERTO COLOMBIA')
INSERT [dbo].[Ciudades] ([intIdCiudad], [intIdDepartamento], [intCodigo], [strDescripcion]) VALUES (140, 2, 606, N'REPELON')
INSERT [dbo].[Ciudades] ([intIdCiudad], [intIdDepartamento], [intCodigo], [strDescripcion]) VALUES (141, 2, 634, N'SABANAGRANDE')
INSERT [dbo].[Ciudades] ([intIdCiudad], [intIdDepartamento], [intCodigo], [strDescripcion]) VALUES (142, 2, 638, N'SABANALARGA')
INSERT [dbo].[Ciudades] ([intIdCiudad], [intIdDepartamento], [intCodigo], [strDescripcion]) VALUES (143, 2, 675, N'SANTA LUCIA')
INSERT [dbo].[Ciudades] ([intIdCiudad], [intIdDepartamento], [intCodigo], [strDescripcion]) VALUES (144, 2, 685, N'SANTO TOMAS')
INSERT [dbo].[Ciudades] ([intIdCiudad], [intIdDepartamento], [intCodigo], [strDescripcion]) VALUES (145, 2, 758, N'SOLEDAD')
INSERT [dbo].[Ciudades] ([intIdCiudad], [intIdDepartamento], [intCodigo], [strDescripcion]) VALUES (146, 2, 770, N'SUAN')
INSERT [dbo].[Ciudades] ([intIdCiudad], [intIdDepartamento], [intCodigo], [strDescripcion]) VALUES (147, 2, 832, N'TUBARA')
INSERT [dbo].[Ciudades] ([intIdCiudad], [intIdDepartamento], [intCodigo], [strDescripcion]) VALUES (148, 2, 849, N'USIACURI')
INSERT [dbo].[Ciudades] ([intIdCiudad], [intIdDepartamento], [intCodigo], [strDescripcion]) VALUES (149, 3, 1, N'Santa Fe de Bogotá')
INSERT [dbo].[Ciudades] ([intIdCiudad], [intIdDepartamento], [intCodigo], [strDescripcion]) VALUES (150, 3, 1, N'USAQUEN')
INSERT [dbo].[Ciudades] ([intIdCiudad], [intIdDepartamento], [intCodigo], [strDescripcion]) VALUES (151, 3, 2, N'CHAPINERO')
INSERT [dbo].[Ciudades] ([intIdCiudad], [intIdDepartamento], [intCodigo], [strDescripcion]) VALUES (152, 3, 3, N'SANTA FE')
INSERT [dbo].[Ciudades] ([intIdCiudad], [intIdDepartamento], [intCodigo], [strDescripcion]) VALUES (153, 3, 4, N'SAN CRISTOBAL')
INSERT [dbo].[Ciudades] ([intIdCiudad], [intIdDepartamento], [intCodigo], [strDescripcion]) VALUES (154, 3, 5, N'USME')
INSERT [dbo].[Ciudades] ([intIdCiudad], [intIdDepartamento], [intCodigo], [strDescripcion]) VALUES (155, 3, 6, N'TUNJUELITO')
INSERT [dbo].[Ciudades] ([intIdCiudad], [intIdDepartamento], [intCodigo], [strDescripcion]) VALUES (156, 3, 7, N'BOSA')
INSERT [dbo].[Ciudades] ([intIdCiudad], [intIdDepartamento], [intCodigo], [strDescripcion]) VALUES (157, 3, 8, N'KENNEDY')
INSERT [dbo].[Ciudades] ([intIdCiudad], [intIdDepartamento], [intCodigo], [strDescripcion]) VALUES (158, 3, 9, N'FONTIBON')
INSERT [dbo].[Ciudades] ([intIdCiudad], [intIdDepartamento], [intCodigo], [strDescripcion]) VALUES (159, 3, 10, N'ENGATIVA')
INSERT [dbo].[Ciudades] ([intIdCiudad], [intIdDepartamento], [intCodigo], [strDescripcion]) VALUES (160, 3, 11, N'SUBA')
INSERT [dbo].[Ciudades] ([intIdCiudad], [intIdDepartamento], [intCodigo], [strDescripcion]) VALUES (161, 3, 12, N'BARRIOS UNIDOS')
INSERT [dbo].[Ciudades] ([intIdCiudad], [intIdDepartamento], [intCodigo], [strDescripcion]) VALUES (162, 3, 13, N'TEUSAQUILLO')
INSERT [dbo].[Ciudades] ([intIdCiudad], [intIdDepartamento], [intCodigo], [strDescripcion]) VALUES (163, 3, 14, N'MARTIRES')
INSERT [dbo].[Ciudades] ([intIdCiudad], [intIdDepartamento], [intCodigo], [strDescripcion]) VALUES (164, 3, 15, N'ANTONIO NARIÑO')
INSERT [dbo].[Ciudades] ([intIdCiudad], [intIdDepartamento], [intCodigo], [strDescripcion]) VALUES (165, 3, 16, N'PUENTE ARANDA')
INSERT [dbo].[Ciudades] ([intIdCiudad], [intIdDepartamento], [intCodigo], [strDescripcion]) VALUES (166, 3, 17, N'CANDELARIA')
INSERT [dbo].[Ciudades] ([intIdCiudad], [intIdDepartamento], [intCodigo], [strDescripcion]) VALUES (167, 3, 18, N'RAFAEL URIBE')
INSERT [dbo].[Ciudades] ([intIdCiudad], [intIdDepartamento], [intCodigo], [strDescripcion]) VALUES (168, 3, 19, N'CIUDAD BOLIVAR')
INSERT [dbo].[Ciudades] ([intIdCiudad], [intIdDepartamento], [intCodigo], [strDescripcion]) VALUES (169, 3, 20, N'SUMAPAZ')
INSERT [dbo].[Ciudades] ([intIdCiudad], [intIdDepartamento], [intCodigo], [strDescripcion]) VALUES (170, 4, 1, N'CARTAGENA (DISTRITO TURISTICO Y CULTURAL DE CARTAGENA)')
INSERT [dbo].[Ciudades] ([intIdCiudad], [intIdDepartamento], [intCodigo], [strDescripcion]) VALUES (171, 4, 6, N'ACHI')
INSERT [dbo].[Ciudades] ([intIdCiudad], [intIdDepartamento], [intCodigo], [strDescripcion]) VALUES (172, 4, 30, N'ALTOS DEL ROSARIO')
INSERT [dbo].[Ciudades] ([intIdCiudad], [intIdDepartamento], [intCodigo], [strDescripcion]) VALUES (173, 4, 42, N'ARENAL')
INSERT [dbo].[Ciudades] ([intIdCiudad], [intIdDepartamento], [intCodigo], [strDescripcion]) VALUES (174, 4, 52, N'ARJONA')
INSERT [dbo].[Ciudades] ([intIdCiudad], [intIdDepartamento], [intCodigo], [strDescripcion]) VALUES (175, 4, 62, N'ARROYOHONDO')
INSERT [dbo].[Ciudades] ([intIdCiudad], [intIdDepartamento], [intCodigo], [strDescripcion]) VALUES (176, 4, 74, N'BARRANCO DE LOBA')
INSERT [dbo].[Ciudades] ([intIdCiudad], [intIdDepartamento], [intCodigo], [strDescripcion]) VALUES (177, 4, 140, N'CALAMAR')
INSERT [dbo].[Ciudades] ([intIdCiudad], [intIdDepartamento], [intCodigo], [strDescripcion]) VALUES (178, 4, 160, N'CANTAGALLO')
INSERT [dbo].[Ciudades] ([intIdCiudad], [intIdDepartamento], [intCodigo], [strDescripcion]) VALUES (179, 4, 188, N'CICUCO')
INSERT [dbo].[Ciudades] ([intIdCiudad], [intIdDepartamento], [intCodigo], [strDescripcion]) VALUES (180, 4, 212, N'CORDOBA')
INSERT [dbo].[Ciudades] ([intIdCiudad], [intIdDepartamento], [intCodigo], [strDescripcion]) VALUES (181, 4, 222, N'CLEMENCIA')
INSERT [dbo].[Ciudades] ([intIdCiudad], [intIdDepartamento], [intCodigo], [strDescripcion]) VALUES (182, 4, 244, N'EL CARMEN DE BOLIVAR')
INSERT [dbo].[Ciudades] ([intIdCiudad], [intIdDepartamento], [intCodigo], [strDescripcion]) VALUES (183, 4, 248, N'EL GUAMO')
INSERT [dbo].[Ciudades] ([intIdCiudad], [intIdDepartamento], [intCodigo], [strDescripcion]) VALUES (184, 4, 268, N'EL PEÑON')
INSERT [dbo].[Ciudades] ([intIdCiudad], [intIdDepartamento], [intCodigo], [strDescripcion]) VALUES (185, 4, 300, N'HATILLO DE LOBA')
INSERT [dbo].[Ciudades] ([intIdCiudad], [intIdDepartamento], [intCodigo], [strDescripcion]) VALUES (186, 4, 430, N'MAGANGUE')
INSERT [dbo].[Ciudades] ([intIdCiudad], [intIdDepartamento], [intCodigo], [strDescripcion]) VALUES (187, 4, 433, N'MAHATES')
INSERT [dbo].[Ciudades] ([intIdCiudad], [intIdDepartamento], [intCodigo], [strDescripcion]) VALUES (188, 4, 440, N'MARGARITA')
INSERT [dbo].[Ciudades] ([intIdCiudad], [intIdDepartamento], [intCodigo], [strDescripcion]) VALUES (189, 4, 442, N'MARIA LA BAJA')
INSERT [dbo].[Ciudades] ([intIdCiudad], [intIdDepartamento], [intCodigo], [strDescripcion]) VALUES (190, 4, 458, N'MONTECRISTO')
INSERT [dbo].[Ciudades] ([intIdCiudad], [intIdDepartamento], [intCodigo], [strDescripcion]) VALUES (191, 4, 468, N'MOMPOS')
INSERT [dbo].[Ciudades] ([intIdCiudad], [intIdDepartamento], [intCodigo], [strDescripcion]) VALUES (192, 4, 473, N'MORALES')
INSERT [dbo].[Ciudades] ([intIdCiudad], [intIdDepartamento], [intCodigo], [strDescripcion]) VALUES (193, 4, 549, N'PINILLOS')
INSERT [dbo].[Ciudades] ([intIdCiudad], [intIdDepartamento], [intCodigo], [strDescripcion]) VALUES (194, 4, 580, N'REGIDOR')
INSERT [dbo].[Ciudades] ([intIdCiudad], [intIdDepartamento], [intCodigo], [strDescripcion]) VALUES (195, 4, 600, N'RIO VIEJO')
INSERT [dbo].[Ciudades] ([intIdCiudad], [intIdDepartamento], [intCodigo], [strDescripcion]) VALUES (196, 4, 620, N'SAN CRISTOBAL')
INSERT [dbo].[Ciudades] ([intIdCiudad], [intIdDepartamento], [intCodigo], [strDescripcion]) VALUES (197, 4, 647, N'SAN ESTANISLAO')
INSERT [dbo].[Ciudades] ([intIdCiudad], [intIdDepartamento], [intCodigo], [strDescripcion]) VALUES (198, 4, 650, N'SAN FERNANDO')
INSERT [dbo].[Ciudades] ([intIdCiudad], [intIdDepartamento], [intCodigo], [strDescripcion]) VALUES (199, 4, 654, N'SAN JACINTO')
INSERT [dbo].[Ciudades] ([intIdCiudad], [intIdDepartamento], [intCodigo], [strDescripcion]) VALUES (200, 4, 655, N'SAN JACINTO DEL CAUCA')
GO
INSERT [dbo].[Ciudades] ([intIdCiudad], [intIdDepartamento], [intCodigo], [strDescripcion]) VALUES (201, 4, 657, N'SAN JUAN NEPOMUCENO')
INSERT [dbo].[Ciudades] ([intIdCiudad], [intIdDepartamento], [intCodigo], [strDescripcion]) VALUES (202, 4, 667, N'SAN MARTIN DE LOBA')
INSERT [dbo].[Ciudades] ([intIdCiudad], [intIdDepartamento], [intCodigo], [strDescripcion]) VALUES (203, 4, 670, N'SAN PABLO')
INSERT [dbo].[Ciudades] ([intIdCiudad], [intIdDepartamento], [intCodigo], [strDescripcion]) VALUES (204, 4, 673, N'SANTA CATALINA')
INSERT [dbo].[Ciudades] ([intIdCiudad], [intIdDepartamento], [intCodigo], [strDescripcion]) VALUES (205, 4, 683, N'SANTA ROSA')
INSERT [dbo].[Ciudades] ([intIdCiudad], [intIdDepartamento], [intCodigo], [strDescripcion]) VALUES (206, 4, 688, N'SANTA ROSA DEL SUR')
INSERT [dbo].[Ciudades] ([intIdCiudad], [intIdDepartamento], [intCodigo], [strDescripcion]) VALUES (207, 4, 744, N'SIMITI')
INSERT [dbo].[Ciudades] ([intIdCiudad], [intIdDepartamento], [intCodigo], [strDescripcion]) VALUES (208, 4, 760, N'SOPLAVIENTO')
INSERT [dbo].[Ciudades] ([intIdCiudad], [intIdDepartamento], [intCodigo], [strDescripcion]) VALUES (209, 4, 780, N'TALAIGUA NUEVO')
INSERT [dbo].[Ciudades] ([intIdCiudad], [intIdDepartamento], [intCodigo], [strDescripcion]) VALUES (210, 4, 810, N'TIQUISIO (PUERTO RICO)')
INSERT [dbo].[Ciudades] ([intIdCiudad], [intIdDepartamento], [intCodigo], [strDescripcion]) VALUES (211, 4, 836, N'TURBACO')
INSERT [dbo].[Ciudades] ([intIdCiudad], [intIdDepartamento], [intCodigo], [strDescripcion]) VALUES (212, 4, 838, N'TURBANA')
INSERT [dbo].[Ciudades] ([intIdCiudad], [intIdDepartamento], [intCodigo], [strDescripcion]) VALUES (213, 4, 873, N'VILLANUEVA')
INSERT [dbo].[Ciudades] ([intIdCiudad], [intIdDepartamento], [intCodigo], [strDescripcion]) VALUES (214, 4, 894, N'ZAMBRANO')
INSERT [dbo].[Ciudades] ([intIdCiudad], [intIdDepartamento], [intCodigo], [strDescripcion]) VALUES (215, 5, 1, N'TUNJA')
INSERT [dbo].[Ciudades] ([intIdCiudad], [intIdDepartamento], [intCodigo], [strDescripcion]) VALUES (216, 5, 22, N'ALMEIDA')
INSERT [dbo].[Ciudades] ([intIdCiudad], [intIdDepartamento], [intCodigo], [strDescripcion]) VALUES (217, 5, 47, N'AQUITANIA')
INSERT [dbo].[Ciudades] ([intIdCiudad], [intIdDepartamento], [intCodigo], [strDescripcion]) VALUES (218, 5, 51, N'ARCABUCO')
INSERT [dbo].[Ciudades] ([intIdCiudad], [intIdDepartamento], [intCodigo], [strDescripcion]) VALUES (219, 5, 87, N'BELEN')
INSERT [dbo].[Ciudades] ([intIdCiudad], [intIdDepartamento], [intCodigo], [strDescripcion]) VALUES (220, 5, 90, N'BERBEO')
INSERT [dbo].[Ciudades] ([intIdCiudad], [intIdDepartamento], [intCodigo], [strDescripcion]) VALUES (221, 5, 92, N'BETEITIVA')
INSERT [dbo].[Ciudades] ([intIdCiudad], [intIdDepartamento], [intCodigo], [strDescripcion]) VALUES (222, 5, 97, N'BOAVITA')
INSERT [dbo].[Ciudades] ([intIdCiudad], [intIdDepartamento], [intCodigo], [strDescripcion]) VALUES (223, 5, 104, N'BOYACA')
INSERT [dbo].[Ciudades] ([intIdCiudad], [intIdDepartamento], [intCodigo], [strDescripcion]) VALUES (224, 5, 106, N'BRICEÑO')
INSERT [dbo].[Ciudades] ([intIdCiudad], [intIdDepartamento], [intCodigo], [strDescripcion]) VALUES (225, 5, 109, N'BUENAVISTA')
INSERT [dbo].[Ciudades] ([intIdCiudad], [intIdDepartamento], [intCodigo], [strDescripcion]) VALUES (226, 5, 114, N'BUSBANZA')
INSERT [dbo].[Ciudades] ([intIdCiudad], [intIdDepartamento], [intCodigo], [strDescripcion]) VALUES (227, 5, 131, N'CALDAS')
INSERT [dbo].[Ciudades] ([intIdCiudad], [intIdDepartamento], [intCodigo], [strDescripcion]) VALUES (228, 5, 135, N'CAMPOHERMOSO')
INSERT [dbo].[Ciudades] ([intIdCiudad], [intIdDepartamento], [intCodigo], [strDescripcion]) VALUES (229, 5, 162, N'CERINZA')
INSERT [dbo].[Ciudades] ([intIdCiudad], [intIdDepartamento], [intCodigo], [strDescripcion]) VALUES (230, 5, 172, N'CHINAVITA')
INSERT [dbo].[Ciudades] ([intIdCiudad], [intIdDepartamento], [intCodigo], [strDescripcion]) VALUES (231, 5, 176, N'CHIQUINQUIRA')
INSERT [dbo].[Ciudades] ([intIdCiudad], [intIdDepartamento], [intCodigo], [strDescripcion]) VALUES (232, 5, 180, N'CHISCAS')
INSERT [dbo].[Ciudades] ([intIdCiudad], [intIdDepartamento], [intCodigo], [strDescripcion]) VALUES (233, 5, 183, N'CHITA')
INSERT [dbo].[Ciudades] ([intIdCiudad], [intIdDepartamento], [intCodigo], [strDescripcion]) VALUES (234, 5, 185, N'CHITARAQUE')
INSERT [dbo].[Ciudades] ([intIdCiudad], [intIdDepartamento], [intCodigo], [strDescripcion]) VALUES (235, 5, 187, N'CHIVATA')
INSERT [dbo].[Ciudades] ([intIdCiudad], [intIdDepartamento], [intCodigo], [strDescripcion]) VALUES (236, 5, 189, N'CIENEGA')
INSERT [dbo].[Ciudades] ([intIdCiudad], [intIdDepartamento], [intCodigo], [strDescripcion]) VALUES (237, 5, 204, N'COMBITA')
INSERT [dbo].[Ciudades] ([intIdCiudad], [intIdDepartamento], [intCodigo], [strDescripcion]) VALUES (238, 5, 212, N'COPER')
INSERT [dbo].[Ciudades] ([intIdCiudad], [intIdDepartamento], [intCodigo], [strDescripcion]) VALUES (239, 5, 215, N'CORRALES')
INSERT [dbo].[Ciudades] ([intIdCiudad], [intIdDepartamento], [intCodigo], [strDescripcion]) VALUES (240, 5, 218, N'COVARACHIA')
INSERT [dbo].[Ciudades] ([intIdCiudad], [intIdDepartamento], [intCodigo], [strDescripcion]) VALUES (241, 5, 223, N'CUBARA')
INSERT [dbo].[Ciudades] ([intIdCiudad], [intIdDepartamento], [intCodigo], [strDescripcion]) VALUES (242, 5, 224, N'CUCAITA')
INSERT [dbo].[Ciudades] ([intIdCiudad], [intIdDepartamento], [intCodigo], [strDescripcion]) VALUES (243, 5, 226, N'CUITIVA')
INSERT [dbo].[Ciudades] ([intIdCiudad], [intIdDepartamento], [intCodigo], [strDescripcion]) VALUES (244, 5, 232, N'CHIQUIZA')
INSERT [dbo].[Ciudades] ([intIdCiudad], [intIdDepartamento], [intCodigo], [strDescripcion]) VALUES (245, 5, 236, N'CHIVOR')
INSERT [dbo].[Ciudades] ([intIdCiudad], [intIdDepartamento], [intCodigo], [strDescripcion]) VALUES (246, 5, 238, N'DUITAMA')
INSERT [dbo].[Ciudades] ([intIdCiudad], [intIdDepartamento], [intCodigo], [strDescripcion]) VALUES (247, 5, 244, N'EL COCUY')
INSERT [dbo].[Ciudades] ([intIdCiudad], [intIdDepartamento], [intCodigo], [strDescripcion]) VALUES (248, 5, 248, N'EL ESPINO')
INSERT [dbo].[Ciudades] ([intIdCiudad], [intIdDepartamento], [intCodigo], [strDescripcion]) VALUES (249, 5, 272, N'FIRAVITOBA')
INSERT [dbo].[Ciudades] ([intIdCiudad], [intIdDepartamento], [intCodigo], [strDescripcion]) VALUES (250, 5, 276, N'FLORESTA')
INSERT [dbo].[Ciudades] ([intIdCiudad], [intIdDepartamento], [intCodigo], [strDescripcion]) VALUES (251, 5, 293, N'GACHANTIVA')
INSERT [dbo].[Ciudades] ([intIdCiudad], [intIdDepartamento], [intCodigo], [strDescripcion]) VALUES (252, 5, 296, N'GAMEZA')
INSERT [dbo].[Ciudades] ([intIdCiudad], [intIdDepartamento], [intCodigo], [strDescripcion]) VALUES (253, 5, 299, N'GARAGOA')
INSERT [dbo].[Ciudades] ([intIdCiudad], [intIdDepartamento], [intCodigo], [strDescripcion]) VALUES (254, 5, 317, N'GUACAMAYAS')
INSERT [dbo].[Ciudades] ([intIdCiudad], [intIdDepartamento], [intCodigo], [strDescripcion]) VALUES (255, 5, 322, N'GUATEQUE')
INSERT [dbo].[Ciudades] ([intIdCiudad], [intIdDepartamento], [intCodigo], [strDescripcion]) VALUES (256, 5, 325, N'GUAYATA')
INSERT [dbo].[Ciudades] ([intIdCiudad], [intIdDepartamento], [intCodigo], [strDescripcion]) VALUES (257, 5, 332, N'GUICAN')
INSERT [dbo].[Ciudades] ([intIdCiudad], [intIdDepartamento], [intCodigo], [strDescripcion]) VALUES (258, 5, 362, N'IZA')
INSERT [dbo].[Ciudades] ([intIdCiudad], [intIdDepartamento], [intCodigo], [strDescripcion]) VALUES (259, 5, 367, N'JENESANO')
INSERT [dbo].[Ciudades] ([intIdCiudad], [intIdDepartamento], [intCodigo], [strDescripcion]) VALUES (260, 5, 368, N'JERICO')
INSERT [dbo].[Ciudades] ([intIdCiudad], [intIdDepartamento], [intCodigo], [strDescripcion]) VALUES (261, 5, 377, N'LABRANZAGRANDE')
INSERT [dbo].[Ciudades] ([intIdCiudad], [intIdDepartamento], [intCodigo], [strDescripcion]) VALUES (262, 5, 380, N'LA CAPILLA')
INSERT [dbo].[Ciudades] ([intIdCiudad], [intIdDepartamento], [intCodigo], [strDescripcion]) VALUES (263, 5, 401, N'LA VICTORIA')
INSERT [dbo].[Ciudades] ([intIdCiudad], [intIdDepartamento], [intCodigo], [strDescripcion]) VALUES (264, 5, 403, N'LA UVITA')
INSERT [dbo].[Ciudades] ([intIdCiudad], [intIdDepartamento], [intCodigo], [strDescripcion]) VALUES (265, 5, 407, N'VILLA DE LEIVA')
INSERT [dbo].[Ciudades] ([intIdCiudad], [intIdDepartamento], [intCodigo], [strDescripcion]) VALUES (266, 5, 425, N'MACANAL')
INSERT [dbo].[Ciudades] ([intIdCiudad], [intIdDepartamento], [intCodigo], [strDescripcion]) VALUES (267, 5, 442, N'MARIPI')
INSERT [dbo].[Ciudades] ([intIdCiudad], [intIdDepartamento], [intCodigo], [strDescripcion]) VALUES (268, 5, 455, N'MIRAFLORES')
INSERT [dbo].[Ciudades] ([intIdCiudad], [intIdDepartamento], [intCodigo], [strDescripcion]) VALUES (269, 5, 464, N'MONGUA')
INSERT [dbo].[Ciudades] ([intIdCiudad], [intIdDepartamento], [intCodigo], [strDescripcion]) VALUES (270, 5, 466, N'MONGUI')
INSERT [dbo].[Ciudades] ([intIdCiudad], [intIdDepartamento], [intCodigo], [strDescripcion]) VALUES (271, 5, 469, N'MONIQUIRA')
INSERT [dbo].[Ciudades] ([intIdCiudad], [intIdDepartamento], [intCodigo], [strDescripcion]) VALUES (272, 5, 476, N'MOTAVITA')
INSERT [dbo].[Ciudades] ([intIdCiudad], [intIdDepartamento], [intCodigo], [strDescripcion]) VALUES (273, 5, 480, N'MUZO')
INSERT [dbo].[Ciudades] ([intIdCiudad], [intIdDepartamento], [intCodigo], [strDescripcion]) VALUES (274, 5, 491, N'NOBSA')
INSERT [dbo].[Ciudades] ([intIdCiudad], [intIdDepartamento], [intCodigo], [strDescripcion]) VALUES (275, 5, 494, N'NUEVO COLON')
INSERT [dbo].[Ciudades] ([intIdCiudad], [intIdDepartamento], [intCodigo], [strDescripcion]) VALUES (276, 5, 500, N'OICATA')
INSERT [dbo].[Ciudades] ([intIdCiudad], [intIdDepartamento], [intCodigo], [strDescripcion]) VALUES (277, 5, 507, N'OTANCHE')
INSERT [dbo].[Ciudades] ([intIdCiudad], [intIdDepartamento], [intCodigo], [strDescripcion]) VALUES (278, 5, 511, N'PACHAVITA')
INSERT [dbo].[Ciudades] ([intIdCiudad], [intIdDepartamento], [intCodigo], [strDescripcion]) VALUES (279, 5, 514, N'PAEZ')
INSERT [dbo].[Ciudades] ([intIdCiudad], [intIdDepartamento], [intCodigo], [strDescripcion]) VALUES (280, 5, 516, N'PAIPA')
INSERT [dbo].[Ciudades] ([intIdCiudad], [intIdDepartamento], [intCodigo], [strDescripcion]) VALUES (281, 5, 518, N'PAJARITO')
INSERT [dbo].[Ciudades] ([intIdCiudad], [intIdDepartamento], [intCodigo], [strDescripcion]) VALUES (282, 5, 522, N'PANQUEBA')
INSERT [dbo].[Ciudades] ([intIdCiudad], [intIdDepartamento], [intCodigo], [strDescripcion]) VALUES (283, 5, 531, N'PAUNA')
INSERT [dbo].[Ciudades] ([intIdCiudad], [intIdDepartamento], [intCodigo], [strDescripcion]) VALUES (284, 5, 533, N'PAYA')
INSERT [dbo].[Ciudades] ([intIdCiudad], [intIdDepartamento], [intCodigo], [strDescripcion]) VALUES (285, 5, 537, N'PAZ DEL RIO')
INSERT [dbo].[Ciudades] ([intIdCiudad], [intIdDepartamento], [intCodigo], [strDescripcion]) VALUES (286, 5, 542, N'PESCA')
INSERT [dbo].[Ciudades] ([intIdCiudad], [intIdDepartamento], [intCodigo], [strDescripcion]) VALUES (287, 5, 550, N'PISBA')
INSERT [dbo].[Ciudades] ([intIdCiudad], [intIdDepartamento], [intCodigo], [strDescripcion]) VALUES (288, 5, 572, N'PUERTO BOYACA')
INSERT [dbo].[Ciudades] ([intIdCiudad], [intIdDepartamento], [intCodigo], [strDescripcion]) VALUES (289, 5, 580, N'QUIPAMA')
INSERT [dbo].[Ciudades] ([intIdCiudad], [intIdDepartamento], [intCodigo], [strDescripcion]) VALUES (290, 5, 599, N'RAMIRIQUI')
INSERT [dbo].[Ciudades] ([intIdCiudad], [intIdDepartamento], [intCodigo], [strDescripcion]) VALUES (291, 5, 600, N'RAQUIRA')
INSERT [dbo].[Ciudades] ([intIdCiudad], [intIdDepartamento], [intCodigo], [strDescripcion]) VALUES (292, 5, 621, N'RONDON')
INSERT [dbo].[Ciudades] ([intIdCiudad], [intIdDepartamento], [intCodigo], [strDescripcion]) VALUES (293, 5, 632, N'SABOYA')
INSERT [dbo].[Ciudades] ([intIdCiudad], [intIdDepartamento], [intCodigo], [strDescripcion]) VALUES (294, 5, 638, N'SACHICA')
INSERT [dbo].[Ciudades] ([intIdCiudad], [intIdDepartamento], [intCodigo], [strDescripcion]) VALUES (295, 5, 646, N'SAMACA')
INSERT [dbo].[Ciudades] ([intIdCiudad], [intIdDepartamento], [intCodigo], [strDescripcion]) VALUES (296, 5, 660, N'SAN EDUARDO')
INSERT [dbo].[Ciudades] ([intIdCiudad], [intIdDepartamento], [intCodigo], [strDescripcion]) VALUES (297, 5, 664, N'SAN JOSE DE PARE')
INSERT [dbo].[Ciudades] ([intIdCiudad], [intIdDepartamento], [intCodigo], [strDescripcion]) VALUES (298, 5, 667, N'SAN LUIS DE GACENO')
INSERT [dbo].[Ciudades] ([intIdCiudad], [intIdDepartamento], [intCodigo], [strDescripcion]) VALUES (299, 5, 673, N'SAN MATEO')
INSERT [dbo].[Ciudades] ([intIdCiudad], [intIdDepartamento], [intCodigo], [strDescripcion]) VALUES (300, 5, 676, N'SAN MIGUEL DE SEMA')
GO
INSERT [dbo].[Ciudades] ([intIdCiudad], [intIdDepartamento], [intCodigo], [strDescripcion]) VALUES (301, 5, 681, N'SAN PABLO DE BORBUR')
INSERT [dbo].[Ciudades] ([intIdCiudad], [intIdDepartamento], [intCodigo], [strDescripcion]) VALUES (302, 5, 686, N'SANTANA')
INSERT [dbo].[Ciudades] ([intIdCiudad], [intIdDepartamento], [intCodigo], [strDescripcion]) VALUES (303, 5, 690, N'SANTA MARIA')
INSERT [dbo].[Ciudades] ([intIdCiudad], [intIdDepartamento], [intCodigo], [strDescripcion]) VALUES (304, 5, 693, N'SANTA ROSA DE VITERBO')
INSERT [dbo].[Ciudades] ([intIdCiudad], [intIdDepartamento], [intCodigo], [strDescripcion]) VALUES (305, 5, 696, N'SANTA SOFIA')
INSERT [dbo].[Ciudades] ([intIdCiudad], [intIdDepartamento], [intCodigo], [strDescripcion]) VALUES (306, 5, 720, N'SATIVANORTE')
INSERT [dbo].[Ciudades] ([intIdCiudad], [intIdDepartamento], [intCodigo], [strDescripcion]) VALUES (307, 5, 723, N'SATIVASUR')
INSERT [dbo].[Ciudades] ([intIdCiudad], [intIdDepartamento], [intCodigo], [strDescripcion]) VALUES (308, 5, 740, N'SIACHOQUE')
INSERT [dbo].[Ciudades] ([intIdCiudad], [intIdDepartamento], [intCodigo], [strDescripcion]) VALUES (309, 5, 753, N'SOATA')
INSERT [dbo].[Ciudades] ([intIdCiudad], [intIdDepartamento], [intCodigo], [strDescripcion]) VALUES (310, 5, 755, N'SOCOTA')
INSERT [dbo].[Ciudades] ([intIdCiudad], [intIdDepartamento], [intCodigo], [strDescripcion]) VALUES (311, 5, 757, N'SOCHA')
INSERT [dbo].[Ciudades] ([intIdCiudad], [intIdDepartamento], [intCodigo], [strDescripcion]) VALUES (312, 5, 759, N'SOGAMOSO')
INSERT [dbo].[Ciudades] ([intIdCiudad], [intIdDepartamento], [intCodigo], [strDescripcion]) VALUES (313, 5, 761, N'SOMONDOCO')
INSERT [dbo].[Ciudades] ([intIdCiudad], [intIdDepartamento], [intCodigo], [strDescripcion]) VALUES (314, 5, 762, N'SORA')
INSERT [dbo].[Ciudades] ([intIdCiudad], [intIdDepartamento], [intCodigo], [strDescripcion]) VALUES (315, 5, 763, N'SOTAQUIRA')
INSERT [dbo].[Ciudades] ([intIdCiudad], [intIdDepartamento], [intCodigo], [strDescripcion]) VALUES (316, 5, 764, N'SORACA')
INSERT [dbo].[Ciudades] ([intIdCiudad], [intIdDepartamento], [intCodigo], [strDescripcion]) VALUES (317, 5, 774, N'SUSACON')
INSERT [dbo].[Ciudades] ([intIdCiudad], [intIdDepartamento], [intCodigo], [strDescripcion]) VALUES (318, 5, 776, N'SUTAMARCHAN')
INSERT [dbo].[Ciudades] ([intIdCiudad], [intIdDepartamento], [intCodigo], [strDescripcion]) VALUES (319, 5, 778, N'SUTATENZA')
INSERT [dbo].[Ciudades] ([intIdCiudad], [intIdDepartamento], [intCodigo], [strDescripcion]) VALUES (320, 5, 790, N'TASCO')
INSERT [dbo].[Ciudades] ([intIdCiudad], [intIdDepartamento], [intCodigo], [strDescripcion]) VALUES (321, 5, 798, N'TENZA')
INSERT [dbo].[Ciudades] ([intIdCiudad], [intIdDepartamento], [intCodigo], [strDescripcion]) VALUES (322, 5, 804, N'TIBANA')
INSERT [dbo].[Ciudades] ([intIdCiudad], [intIdDepartamento], [intCodigo], [strDescripcion]) VALUES (323, 5, 806, N'TIBASOSA')
INSERT [dbo].[Ciudades] ([intIdCiudad], [intIdDepartamento], [intCodigo], [strDescripcion]) VALUES (324, 5, 808, N'TINJACA')
INSERT [dbo].[Ciudades] ([intIdCiudad], [intIdDepartamento], [intCodigo], [strDescripcion]) VALUES (325, 5, 810, N'TIPACOQUE')
INSERT [dbo].[Ciudades] ([intIdCiudad], [intIdDepartamento], [intCodigo], [strDescripcion]) VALUES (326, 5, 814, N'TOCA')
INSERT [dbo].[Ciudades] ([intIdCiudad], [intIdDepartamento], [intCodigo], [strDescripcion]) VALUES (327, 5, 816, N'TOGUI')
INSERT [dbo].[Ciudades] ([intIdCiudad], [intIdDepartamento], [intCodigo], [strDescripcion]) VALUES (328, 5, 820, N'TOPAGA')
INSERT [dbo].[Ciudades] ([intIdCiudad], [intIdDepartamento], [intCodigo], [strDescripcion]) VALUES (329, 5, 822, N'TOTA')
INSERT [dbo].[Ciudades] ([intIdCiudad], [intIdDepartamento], [intCodigo], [strDescripcion]) VALUES (330, 5, 832, N'TUNUNGUA')
INSERT [dbo].[Ciudades] ([intIdCiudad], [intIdDepartamento], [intCodigo], [strDescripcion]) VALUES (331, 5, 835, N'TURMEQUE')
INSERT [dbo].[Ciudades] ([intIdCiudad], [intIdDepartamento], [intCodigo], [strDescripcion]) VALUES (332, 5, 837, N'TUTA')
INSERT [dbo].[Ciudades] ([intIdCiudad], [intIdDepartamento], [intCodigo], [strDescripcion]) VALUES (333, 5, 839, N'TUTASA')
INSERT [dbo].[Ciudades] ([intIdCiudad], [intIdDepartamento], [intCodigo], [strDescripcion]) VALUES (334, 5, 842, N'UMBITA')
INSERT [dbo].[Ciudades] ([intIdCiudad], [intIdDepartamento], [intCodigo], [strDescripcion]) VALUES (335, 5, 861, N'VENTAQUEMADA')
INSERT [dbo].[Ciudades] ([intIdCiudad], [intIdDepartamento], [intCodigo], [strDescripcion]) VALUES (336, 5, 879, N'VIRACACHA')
INSERT [dbo].[Ciudades] ([intIdCiudad], [intIdDepartamento], [intCodigo], [strDescripcion]) VALUES (337, 5, 897, N'ZETAQUIRA')
INSERT [dbo].[Ciudades] ([intIdCiudad], [intIdDepartamento], [intCodigo], [strDescripcion]) VALUES (338, 6, 1, N'MANIZALES')
INSERT [dbo].[Ciudades] ([intIdCiudad], [intIdDepartamento], [intCodigo], [strDescripcion]) VALUES (339, 6, 13, N'AGUADAS')
INSERT [dbo].[Ciudades] ([intIdCiudad], [intIdDepartamento], [intCodigo], [strDescripcion]) VALUES (340, 6, 42, N'ANSERMA')
INSERT [dbo].[Ciudades] ([intIdCiudad], [intIdDepartamento], [intCodigo], [strDescripcion]) VALUES (341, 6, 50, N'ARANZAZU')
INSERT [dbo].[Ciudades] ([intIdCiudad], [intIdDepartamento], [intCodigo], [strDescripcion]) VALUES (342, 6, 88, N'BELALCAZAR')
INSERT [dbo].[Ciudades] ([intIdCiudad], [intIdDepartamento], [intCodigo], [strDescripcion]) VALUES (343, 6, 174, N'CHINCHINA')
INSERT [dbo].[Ciudades] ([intIdCiudad], [intIdDepartamento], [intCodigo], [strDescripcion]) VALUES (344, 6, 272, N'FILADELFIA')
INSERT [dbo].[Ciudades] ([intIdCiudad], [intIdDepartamento], [intCodigo], [strDescripcion]) VALUES (345, 6, 380, N'LA DORADA')
INSERT [dbo].[Ciudades] ([intIdCiudad], [intIdDepartamento], [intCodigo], [strDescripcion]) VALUES (346, 6, 388, N'LA MERCED')
INSERT [dbo].[Ciudades] ([intIdCiudad], [intIdDepartamento], [intCodigo], [strDescripcion]) VALUES (347, 6, 433, N'MANZANARES')
INSERT [dbo].[Ciudades] ([intIdCiudad], [intIdDepartamento], [intCodigo], [strDescripcion]) VALUES (348, 6, 442, N'MARMATO')
INSERT [dbo].[Ciudades] ([intIdCiudad], [intIdDepartamento], [intCodigo], [strDescripcion]) VALUES (349, 6, 444, N'MARQUETALIA')
INSERT [dbo].[Ciudades] ([intIdCiudad], [intIdDepartamento], [intCodigo], [strDescripcion]) VALUES (350, 6, 446, N'MARULANDA')
INSERT [dbo].[Ciudades] ([intIdCiudad], [intIdDepartamento], [intCodigo], [strDescripcion]) VALUES (351, 6, 486, N'NEIRA')
INSERT [dbo].[Ciudades] ([intIdCiudad], [intIdDepartamento], [intCodigo], [strDescripcion]) VALUES (352, 6, 495, N'NORCASIA')
INSERT [dbo].[Ciudades] ([intIdCiudad], [intIdDepartamento], [intCodigo], [strDescripcion]) VALUES (353, 6, 513, N'PACORA')
INSERT [dbo].[Ciudades] ([intIdCiudad], [intIdDepartamento], [intCodigo], [strDescripcion]) VALUES (354, 6, 524, N'PALESTINA')
INSERT [dbo].[Ciudades] ([intIdCiudad], [intIdDepartamento], [intCodigo], [strDescripcion]) VALUES (355, 6, 541, N'PENSILVANIA')
INSERT [dbo].[Ciudades] ([intIdCiudad], [intIdDepartamento], [intCodigo], [strDescripcion]) VALUES (356, 6, 614, N'RIOSUCIO')
INSERT [dbo].[Ciudades] ([intIdCiudad], [intIdDepartamento], [intCodigo], [strDescripcion]) VALUES (357, 6, 616, N'RISARALDA')
INSERT [dbo].[Ciudades] ([intIdCiudad], [intIdDepartamento], [intCodigo], [strDescripcion]) VALUES (358, 6, 653, N'SALAMINA')
INSERT [dbo].[Ciudades] ([intIdCiudad], [intIdDepartamento], [intCodigo], [strDescripcion]) VALUES (359, 6, 662, N'SAMANA')
INSERT [dbo].[Ciudades] ([intIdCiudad], [intIdDepartamento], [intCodigo], [strDescripcion]) VALUES (360, 6, 665, N'SAN JOSE')
INSERT [dbo].[Ciudades] ([intIdCiudad], [intIdDepartamento], [intCodigo], [strDescripcion]) VALUES (361, 6, 777, N'SUPIA')
INSERT [dbo].[Ciudades] ([intIdCiudad], [intIdDepartamento], [intCodigo], [strDescripcion]) VALUES (362, 6, 867, N'VICTORIA')
INSERT [dbo].[Ciudades] ([intIdCiudad], [intIdDepartamento], [intCodigo], [strDescripcion]) VALUES (363, 6, 873, N'VILLAMARIA')
INSERT [dbo].[Ciudades] ([intIdCiudad], [intIdDepartamento], [intCodigo], [strDescripcion]) VALUES (364, 6, 877, N'VITERBO')
INSERT [dbo].[Ciudades] ([intIdCiudad], [intIdDepartamento], [intCodigo], [strDescripcion]) VALUES (365, 7, 1, N'FLORENCIA')
INSERT [dbo].[Ciudades] ([intIdCiudad], [intIdDepartamento], [intCodigo], [strDescripcion]) VALUES (366, 7, 29, N'ALBANIA')
INSERT [dbo].[Ciudades] ([intIdCiudad], [intIdDepartamento], [intCodigo], [strDescripcion]) VALUES (367, 7, 94, N'BELEN DE LOS ANDAQUIES')
INSERT [dbo].[Ciudades] ([intIdCiudad], [intIdDepartamento], [intCodigo], [strDescripcion]) VALUES (368, 7, 150, N'CARTAGENA DEL CHAIRA')
INSERT [dbo].[Ciudades] ([intIdCiudad], [intIdDepartamento], [intCodigo], [strDescripcion]) VALUES (369, 7, 205, N'CURILLO')
INSERT [dbo].[Ciudades] ([intIdCiudad], [intIdDepartamento], [intCodigo], [strDescripcion]) VALUES (370, 7, 247, N'EL DONCELLO')
INSERT [dbo].[Ciudades] ([intIdCiudad], [intIdDepartamento], [intCodigo], [strDescripcion]) VALUES (371, 7, 256, N'EL PAUJIL')
INSERT [dbo].[Ciudades] ([intIdCiudad], [intIdDepartamento], [intCodigo], [strDescripcion]) VALUES (372, 7, 410, N'LA MONTAÑITA')
INSERT [dbo].[Ciudades] ([intIdCiudad], [intIdDepartamento], [intCodigo], [strDescripcion]) VALUES (373, 7, 460, N'MILAN')
INSERT [dbo].[Ciudades] ([intIdCiudad], [intIdDepartamento], [intCodigo], [strDescripcion]) VALUES (374, 7, 479, N'MORELIA')
INSERT [dbo].[Ciudades] ([intIdCiudad], [intIdDepartamento], [intCodigo], [strDescripcion]) VALUES (375, 7, 592, N'PUERTO RICO')
INSERT [dbo].[Ciudades] ([intIdCiudad], [intIdDepartamento], [intCodigo], [strDescripcion]) VALUES (376, 7, 610, N'SAN JOSE DE FRAGUA')
INSERT [dbo].[Ciudades] ([intIdCiudad], [intIdDepartamento], [intCodigo], [strDescripcion]) VALUES (377, 7, 753, N'SAN VICENTE DEL CAGUAN')
INSERT [dbo].[Ciudades] ([intIdCiudad], [intIdDepartamento], [intCodigo], [strDescripcion]) VALUES (378, 7, 756, N'SOLANO')
INSERT [dbo].[Ciudades] ([intIdCiudad], [intIdDepartamento], [intCodigo], [strDescripcion]) VALUES (379, 7, 785, N'SOLITA')
INSERT [dbo].[Ciudades] ([intIdCiudad], [intIdDepartamento], [intCodigo], [strDescripcion]) VALUES (380, 7, 860, N'VALPARAISO')
INSERT [dbo].[Ciudades] ([intIdCiudad], [intIdDepartamento], [intCodigo], [strDescripcion]) VALUES (381, 8, 1, N'POPAYAN')
INSERT [dbo].[Ciudades] ([intIdCiudad], [intIdDepartamento], [intCodigo], [strDescripcion]) VALUES (382, 8, 22, N'ALMAGUER')
INSERT [dbo].[Ciudades] ([intIdCiudad], [intIdDepartamento], [intCodigo], [strDescripcion]) VALUES (383, 8, 50, N'ARGELIA')
INSERT [dbo].[Ciudades] ([intIdCiudad], [intIdDepartamento], [intCodigo], [strDescripcion]) VALUES (384, 8, 75, N'BALBOA')
INSERT [dbo].[Ciudades] ([intIdCiudad], [intIdDepartamento], [intCodigo], [strDescripcion]) VALUES (385, 8, 100, N'BOLIVAR')
INSERT [dbo].[Ciudades] ([intIdCiudad], [intIdDepartamento], [intCodigo], [strDescripcion]) VALUES (386, 8, 110, N'BUENOS AIRES')
INSERT [dbo].[Ciudades] ([intIdCiudad], [intIdDepartamento], [intCodigo], [strDescripcion]) VALUES (387, 8, 130, N'CAJIBIO')
INSERT [dbo].[Ciudades] ([intIdCiudad], [intIdDepartamento], [intCodigo], [strDescripcion]) VALUES (388, 8, 137, N'CALDONO')
INSERT [dbo].[Ciudades] ([intIdCiudad], [intIdDepartamento], [intCodigo], [strDescripcion]) VALUES (389, 8, 142, N'CALOTO')
INSERT [dbo].[Ciudades] ([intIdCiudad], [intIdDepartamento], [intCodigo], [strDescripcion]) VALUES (390, 8, 212, N'CORINTO')
INSERT [dbo].[Ciudades] ([intIdCiudad], [intIdDepartamento], [intCodigo], [strDescripcion]) VALUES (391, 8, 256, N'EL TAMBO')
INSERT [dbo].[Ciudades] ([intIdCiudad], [intIdDepartamento], [intCodigo], [strDescripcion]) VALUES (392, 8, 290, N'FLORENCIA')
INSERT [dbo].[Ciudades] ([intIdCiudad], [intIdDepartamento], [intCodigo], [strDescripcion]) VALUES (393, 8, 318, N'GUAPI')
INSERT [dbo].[Ciudades] ([intIdCiudad], [intIdDepartamento], [intCodigo], [strDescripcion]) VALUES (394, 8, 355, N'INZA')
INSERT [dbo].[Ciudades] ([intIdCiudad], [intIdDepartamento], [intCodigo], [strDescripcion]) VALUES (395, 8, 364, N'JAMBALO')
INSERT [dbo].[Ciudades] ([intIdCiudad], [intIdDepartamento], [intCodigo], [strDescripcion]) VALUES (396, 8, 392, N'LA SIERRA')
INSERT [dbo].[Ciudades] ([intIdCiudad], [intIdDepartamento], [intCodigo], [strDescripcion]) VALUES (397, 8, 397, N'LA VEGA')
INSERT [dbo].[Ciudades] ([intIdCiudad], [intIdDepartamento], [intCodigo], [strDescripcion]) VALUES (398, 8, 418, N'LOPEZ (MICAY)')
INSERT [dbo].[Ciudades] ([intIdCiudad], [intIdDepartamento], [intCodigo], [strDescripcion]) VALUES (399, 8, 450, N'MERCADERES')
INSERT [dbo].[Ciudades] ([intIdCiudad], [intIdDepartamento], [intCodigo], [strDescripcion]) VALUES (400, 8, 455, N'MIRANDA')
GO
INSERT [dbo].[Ciudades] ([intIdCiudad], [intIdDepartamento], [intCodigo], [strDescripcion]) VALUES (401, 8, 473, N'MORALES')
INSERT [dbo].[Ciudades] ([intIdCiudad], [intIdDepartamento], [intCodigo], [strDescripcion]) VALUES (402, 8, 513, N'PADILLA')
INSERT [dbo].[Ciudades] ([intIdCiudad], [intIdDepartamento], [intCodigo], [strDescripcion]) VALUES (403, 8, 517, N'PAEZ (BELALCAZAR)')
INSERT [dbo].[Ciudades] ([intIdCiudad], [intIdDepartamento], [intCodigo], [strDescripcion]) VALUES (404, 8, 532, N'PATIA (EL BORDO)')
INSERT [dbo].[Ciudades] ([intIdCiudad], [intIdDepartamento], [intCodigo], [strDescripcion]) VALUES (405, 8, 533, N'PIAMONTE')
INSERT [dbo].[Ciudades] ([intIdCiudad], [intIdDepartamento], [intCodigo], [strDescripcion]) VALUES (406, 8, 548, N'PIENDAMO')
INSERT [dbo].[Ciudades] ([intIdCiudad], [intIdDepartamento], [intCodigo], [strDescripcion]) VALUES (407, 8, 573, N'PUERTO TEJADA')
INSERT [dbo].[Ciudades] ([intIdCiudad], [intIdDepartamento], [intCodigo], [strDescripcion]) VALUES (408, 8, 585, N'PURACE (COCONUCO)')
INSERT [dbo].[Ciudades] ([intIdCiudad], [intIdDepartamento], [intCodigo], [strDescripcion]) VALUES (409, 8, 622, N'ROSAS')
INSERT [dbo].[Ciudades] ([intIdCiudad], [intIdDepartamento], [intCodigo], [strDescripcion]) VALUES (410, 8, 693, N'SAN SEBASTIAN')
INSERT [dbo].[Ciudades] ([intIdCiudad], [intIdDepartamento], [intCodigo], [strDescripcion]) VALUES (411, 8, 698, N'SANTANDER DE QUILICHAO')
INSERT [dbo].[Ciudades] ([intIdCiudad], [intIdDepartamento], [intCodigo], [strDescripcion]) VALUES (412, 8, 701, N'SANTA ROSA')
INSERT [dbo].[Ciudades] ([intIdCiudad], [intIdDepartamento], [intCodigo], [strDescripcion]) VALUES (413, 8, 743, N'SILVIA')
INSERT [dbo].[Ciudades] ([intIdCiudad], [intIdDepartamento], [intCodigo], [strDescripcion]) VALUES (414, 8, 760, N'SOTARA (PAISPAMBA)')
INSERT [dbo].[Ciudades] ([intIdCiudad], [intIdDepartamento], [intCodigo], [strDescripcion]) VALUES (415, 8, 780, N'SUAREZ')
INSERT [dbo].[Ciudades] ([intIdCiudad], [intIdDepartamento], [intCodigo], [strDescripcion]) VALUES (416, 8, 807, N'TIMBIO')
INSERT [dbo].[Ciudades] ([intIdCiudad], [intIdDepartamento], [intCodigo], [strDescripcion]) VALUES (417, 8, 809, N'TIMBIQUI')
INSERT [dbo].[Ciudades] ([intIdCiudad], [intIdDepartamento], [intCodigo], [strDescripcion]) VALUES (418, 8, 821, N'TORIBIO')
INSERT [dbo].[Ciudades] ([intIdCiudad], [intIdDepartamento], [intCodigo], [strDescripcion]) VALUES (419, 8, 824, N'TOTORO')
INSERT [dbo].[Ciudades] ([intIdCiudad], [intIdDepartamento], [intCodigo], [strDescripcion]) VALUES (420, 8, 845, N'VILLARICA')
INSERT [dbo].[Ciudades] ([intIdCiudad], [intIdDepartamento], [intCodigo], [strDescripcion]) VALUES (421, 9, 1, N'VALLEDUPAR')
INSERT [dbo].[Ciudades] ([intIdCiudad], [intIdDepartamento], [intCodigo], [strDescripcion]) VALUES (422, 9, 11, N'AGUACHICA')
INSERT [dbo].[Ciudades] ([intIdCiudad], [intIdDepartamento], [intCodigo], [strDescripcion]) VALUES (423, 9, 13, N'AGUSTIN CODAZZI')
INSERT [dbo].[Ciudades] ([intIdCiudad], [intIdDepartamento], [intCodigo], [strDescripcion]) VALUES (424, 9, 32, N'ASTREA')
INSERT [dbo].[Ciudades] ([intIdCiudad], [intIdDepartamento], [intCodigo], [strDescripcion]) VALUES (425, 9, 45, N'BECERRIL')
INSERT [dbo].[Ciudades] ([intIdCiudad], [intIdDepartamento], [intCodigo], [strDescripcion]) VALUES (426, 9, 60, N'BOSCONIA')
INSERT [dbo].[Ciudades] ([intIdCiudad], [intIdDepartamento], [intCodigo], [strDescripcion]) VALUES (427, 9, 175, N'CHIMICHAGUA')
INSERT [dbo].[Ciudades] ([intIdCiudad], [intIdDepartamento], [intCodigo], [strDescripcion]) VALUES (428, 9, 178, N'CHIRIGUANA')
INSERT [dbo].[Ciudades] ([intIdCiudad], [intIdDepartamento], [intCodigo], [strDescripcion]) VALUES (429, 9, 228, N'CURUMANI')
INSERT [dbo].[Ciudades] ([intIdCiudad], [intIdDepartamento], [intCodigo], [strDescripcion]) VALUES (430, 9, 238, N'EL COPEY')
INSERT [dbo].[Ciudades] ([intIdCiudad], [intIdDepartamento], [intCodigo], [strDescripcion]) VALUES (431, 9, 250, N'EL PASO')
INSERT [dbo].[Ciudades] ([intIdCiudad], [intIdDepartamento], [intCodigo], [strDescripcion]) VALUES (432, 9, 295, N'GAMARRA')
INSERT [dbo].[Ciudades] ([intIdCiudad], [intIdDepartamento], [intCodigo], [strDescripcion]) VALUES (433, 9, 310, N'GONZALEZ')
INSERT [dbo].[Ciudades] ([intIdCiudad], [intIdDepartamento], [intCodigo], [strDescripcion]) VALUES (434, 9, 383, N'LA GLORIA')
INSERT [dbo].[Ciudades] ([intIdCiudad], [intIdDepartamento], [intCodigo], [strDescripcion]) VALUES (435, 9, 400, N'LA JAGUA IBIRICO')
INSERT [dbo].[Ciudades] ([intIdCiudad], [intIdDepartamento], [intCodigo], [strDescripcion]) VALUES (436, 9, 443, N'MANAURE (BALCON DEL CESAR)')
INSERT [dbo].[Ciudades] ([intIdCiudad], [intIdDepartamento], [intCodigo], [strDescripcion]) VALUES (437, 9, 517, N'PAILITAS')
INSERT [dbo].[Ciudades] ([intIdCiudad], [intIdDepartamento], [intCodigo], [strDescripcion]) VALUES (438, 9, 550, N'PELAYA')
INSERT [dbo].[Ciudades] ([intIdCiudad], [intIdDepartamento], [intCodigo], [strDescripcion]) VALUES (439, 9, 570, N'PUEBLO BELLO')
INSERT [dbo].[Ciudades] ([intIdCiudad], [intIdDepartamento], [intCodigo], [strDescripcion]) VALUES (440, 9, 614, N'RIO DE ORO')
INSERT [dbo].[Ciudades] ([intIdCiudad], [intIdDepartamento], [intCodigo], [strDescripcion]) VALUES (441, 9, 621, N'LA PAZ (ROBLES)')
INSERT [dbo].[Ciudades] ([intIdCiudad], [intIdDepartamento], [intCodigo], [strDescripcion]) VALUES (442, 9, 710, N'SAN ALBERTO')
INSERT [dbo].[Ciudades] ([intIdCiudad], [intIdDepartamento], [intCodigo], [strDescripcion]) VALUES (443, 9, 750, N'SAN DIEGO')
INSERT [dbo].[Ciudades] ([intIdCiudad], [intIdDepartamento], [intCodigo], [strDescripcion]) VALUES (444, 9, 770, N'SAN MARTIN')
INSERT [dbo].[Ciudades] ([intIdCiudad], [intIdDepartamento], [intCodigo], [strDescripcion]) VALUES (445, 9, 787, N'TAMALAMEQUE')
INSERT [dbo].[Ciudades] ([intIdCiudad], [intIdDepartamento], [intCodigo], [strDescripcion]) VALUES (446, 10, 1, N'MONTERIA')
INSERT [dbo].[Ciudades] ([intIdCiudad], [intIdDepartamento], [intCodigo], [strDescripcion]) VALUES (447, 10, 68, N'AYAPEL')
INSERT [dbo].[Ciudades] ([intIdCiudad], [intIdDepartamento], [intCodigo], [strDescripcion]) VALUES (448, 10, 79, N'BUENAVISTA')
INSERT [dbo].[Ciudades] ([intIdCiudad], [intIdDepartamento], [intCodigo], [strDescripcion]) VALUES (449, 10, 90, N'CANALETE')
INSERT [dbo].[Ciudades] ([intIdCiudad], [intIdDepartamento], [intCodigo], [strDescripcion]) VALUES (450, 10, 162, N'CERETE')
INSERT [dbo].[Ciudades] ([intIdCiudad], [intIdDepartamento], [intCodigo], [strDescripcion]) VALUES (451, 10, 168, N'CHIMA')
INSERT [dbo].[Ciudades] ([intIdCiudad], [intIdDepartamento], [intCodigo], [strDescripcion]) VALUES (452, 10, 182, N'CHINU')
INSERT [dbo].[Ciudades] ([intIdCiudad], [intIdDepartamento], [intCodigo], [strDescripcion]) VALUES (453, 10, 189, N'CIENAGA DE ORO')
INSERT [dbo].[Ciudades] ([intIdCiudad], [intIdDepartamento], [intCodigo], [strDescripcion]) VALUES (454, 10, 300, N'COTORRA')
INSERT [dbo].[Ciudades] ([intIdCiudad], [intIdDepartamento], [intCodigo], [strDescripcion]) VALUES (455, 10, 350, N'LA APARTADA')
INSERT [dbo].[Ciudades] ([intIdCiudad], [intIdDepartamento], [intCodigo], [strDescripcion]) VALUES (456, 10, 417, N'LORICA')
INSERT [dbo].[Ciudades] ([intIdCiudad], [intIdDepartamento], [intCodigo], [strDescripcion]) VALUES (457, 10, 419, N'LOS CORDOBAS')
INSERT [dbo].[Ciudades] ([intIdCiudad], [intIdDepartamento], [intCodigo], [strDescripcion]) VALUES (458, 10, 464, N'MOMIL')
INSERT [dbo].[Ciudades] ([intIdCiudad], [intIdDepartamento], [intCodigo], [strDescripcion]) VALUES (459, 10, 466, N'MONTELIBANO')
INSERT [dbo].[Ciudades] ([intIdCiudad], [intIdDepartamento], [intCodigo], [strDescripcion]) VALUES (460, 10, 500, N'MOÑITOS')
INSERT [dbo].[Ciudades] ([intIdCiudad], [intIdDepartamento], [intCodigo], [strDescripcion]) VALUES (461, 10, 555, N'PLANETA RICA')
INSERT [dbo].[Ciudades] ([intIdCiudad], [intIdDepartamento], [intCodigo], [strDescripcion]) VALUES (462, 10, 570, N'PUEBLO NUEVO')
INSERT [dbo].[Ciudades] ([intIdCiudad], [intIdDepartamento], [intCodigo], [strDescripcion]) VALUES (463, 10, 574, N'PUERTO ESCONDIDO')
INSERT [dbo].[Ciudades] ([intIdCiudad], [intIdDepartamento], [intCodigo], [strDescripcion]) VALUES (464, 10, 580, N'PUERTO LIBERTADOR')
INSERT [dbo].[Ciudades] ([intIdCiudad], [intIdDepartamento], [intCodigo], [strDescripcion]) VALUES (465, 10, 586, N'PURISIMA')
INSERT [dbo].[Ciudades] ([intIdCiudad], [intIdDepartamento], [intCodigo], [strDescripcion]) VALUES (466, 10, 660, N'SAHAGUN')
INSERT [dbo].[Ciudades] ([intIdCiudad], [intIdDepartamento], [intCodigo], [strDescripcion]) VALUES (467, 10, 670, N'SAN ANDRES SOTAVENTO')
INSERT [dbo].[Ciudades] ([intIdCiudad], [intIdDepartamento], [intCodigo], [strDescripcion]) VALUES (468, 10, 672, N'SAN ANTERO')
INSERT [dbo].[Ciudades] ([intIdCiudad], [intIdDepartamento], [intCodigo], [strDescripcion]) VALUES (469, 10, 675, N'SAN BERNARDO DEL VIENTO')
INSERT [dbo].[Ciudades] ([intIdCiudad], [intIdDepartamento], [intCodigo], [strDescripcion]) VALUES (470, 10, 678, N'SAN CARLOS')
INSERT [dbo].[Ciudades] ([intIdCiudad], [intIdDepartamento], [intCodigo], [strDescripcion]) VALUES (471, 10, 686, N'SAN PELAYO')
INSERT [dbo].[Ciudades] ([intIdCiudad], [intIdDepartamento], [intCodigo], [strDescripcion]) VALUES (472, 10, 807, N'TIERRALTA')
INSERT [dbo].[Ciudades] ([intIdCiudad], [intIdDepartamento], [intCodigo], [strDescripcion]) VALUES (473, 10, 855, N'VALENCIA')
INSERT [dbo].[Ciudades] ([intIdCiudad], [intIdDepartamento], [intCodigo], [strDescripcion]) VALUES (474, 11, 1, N'AGUA DE DIOS')
INSERT [dbo].[Ciudades] ([intIdCiudad], [intIdDepartamento], [intCodigo], [strDescripcion]) VALUES (475, 11, 19, N'ALBAN')
INSERT [dbo].[Ciudades] ([intIdCiudad], [intIdDepartamento], [intCodigo], [strDescripcion]) VALUES (476, 11, 35, N'ANAPOIMA')
INSERT [dbo].[Ciudades] ([intIdCiudad], [intIdDepartamento], [intCodigo], [strDescripcion]) VALUES (477, 11, 40, N'ANOLAIMA')
INSERT [dbo].[Ciudades] ([intIdCiudad], [intIdDepartamento], [intCodigo], [strDescripcion]) VALUES (478, 11, 53, N'ARBELAEZ')
INSERT [dbo].[Ciudades] ([intIdCiudad], [intIdDepartamento], [intCodigo], [strDescripcion]) VALUES (479, 11, 86, N'BELTRAN')
INSERT [dbo].[Ciudades] ([intIdCiudad], [intIdDepartamento], [intCodigo], [strDescripcion]) VALUES (480, 11, 95, N'BITUIMA')
INSERT [dbo].[Ciudades] ([intIdCiudad], [intIdDepartamento], [intCodigo], [strDescripcion]) VALUES (481, 11, 99, N'BOJACA')
INSERT [dbo].[Ciudades] ([intIdCiudad], [intIdDepartamento], [intCodigo], [strDescripcion]) VALUES (482, 11, 120, N'CABRERA')
INSERT [dbo].[Ciudades] ([intIdCiudad], [intIdDepartamento], [intCodigo], [strDescripcion]) VALUES (483, 11, 123, N'CACHIPAY')
INSERT [dbo].[Ciudades] ([intIdCiudad], [intIdDepartamento], [intCodigo], [strDescripcion]) VALUES (484, 11, 126, N'CAJICA')
INSERT [dbo].[Ciudades] ([intIdCiudad], [intIdDepartamento], [intCodigo], [strDescripcion]) VALUES (485, 11, 148, N'CAPARRAPI')
INSERT [dbo].[Ciudades] ([intIdCiudad], [intIdDepartamento], [intCodigo], [strDescripcion]) VALUES (486, 11, 151, N'CAQUEZA')
INSERT [dbo].[Ciudades] ([intIdCiudad], [intIdDepartamento], [intCodigo], [strDescripcion]) VALUES (487, 11, 154, N'CARMEN DE CARUPA')
INSERT [dbo].[Ciudades] ([intIdCiudad], [intIdDepartamento], [intCodigo], [strDescripcion]) VALUES (488, 11, 168, N'CHAGUANI')
INSERT [dbo].[Ciudades] ([intIdCiudad], [intIdDepartamento], [intCodigo], [strDescripcion]) VALUES (489, 11, 175, N'CHIA')
INSERT [dbo].[Ciudades] ([intIdCiudad], [intIdDepartamento], [intCodigo], [strDescripcion]) VALUES (490, 11, 178, N'CHIPAQUE')
INSERT [dbo].[Ciudades] ([intIdCiudad], [intIdDepartamento], [intCodigo], [strDescripcion]) VALUES (491, 11, 181, N'CHOACHI')
INSERT [dbo].[Ciudades] ([intIdCiudad], [intIdDepartamento], [intCodigo], [strDescripcion]) VALUES (492, 11, 183, N'CHOCONTA')
INSERT [dbo].[Ciudades] ([intIdCiudad], [intIdDepartamento], [intCodigo], [strDescripcion]) VALUES (493, 11, 200, N'COGUA')
INSERT [dbo].[Ciudades] ([intIdCiudad], [intIdDepartamento], [intCodigo], [strDescripcion]) VALUES (494, 11, 214, N'COTA')
INSERT [dbo].[Ciudades] ([intIdCiudad], [intIdDepartamento], [intCodigo], [strDescripcion]) VALUES (495, 11, 224, N'CUCUNUBA')
INSERT [dbo].[Ciudades] ([intIdCiudad], [intIdDepartamento], [intCodigo], [strDescripcion]) VALUES (496, 11, 245, N'EL COLEGIO')
INSERT [dbo].[Ciudades] ([intIdCiudad], [intIdDepartamento], [intCodigo], [strDescripcion]) VALUES (497, 11, 258, N'EL PEÑON')
INSERT [dbo].[Ciudades] ([intIdCiudad], [intIdDepartamento], [intCodigo], [strDescripcion]) VALUES (498, 11, 260, N'EL ROSAL')
INSERT [dbo].[Ciudades] ([intIdCiudad], [intIdDepartamento], [intCodigo], [strDescripcion]) VALUES (499, 11, 269, N'FACATATIVA')
INSERT [dbo].[Ciudades] ([intIdCiudad], [intIdDepartamento], [intCodigo], [strDescripcion]) VALUES (500, 11, 279, N'FOMEQUE')
GO
INSERT [dbo].[Ciudades] ([intIdCiudad], [intIdDepartamento], [intCodigo], [strDescripcion]) VALUES (501, 11, 281, N'FOSCA')
INSERT [dbo].[Ciudades] ([intIdCiudad], [intIdDepartamento], [intCodigo], [strDescripcion]) VALUES (502, 11, 286, N'FUNZA')
INSERT [dbo].[Ciudades] ([intIdCiudad], [intIdDepartamento], [intCodigo], [strDescripcion]) VALUES (503, 11, 288, N'FUQUENE')
INSERT [dbo].[Ciudades] ([intIdCiudad], [intIdDepartamento], [intCodigo], [strDescripcion]) VALUES (504, 11, 290, N'FUSAGASUGA')
INSERT [dbo].[Ciudades] ([intIdCiudad], [intIdDepartamento], [intCodigo], [strDescripcion]) VALUES (505, 11, 293, N'GACHALA')
INSERT [dbo].[Ciudades] ([intIdCiudad], [intIdDepartamento], [intCodigo], [strDescripcion]) VALUES (506, 11, 295, N'GACHANCIPA')
INSERT [dbo].[Ciudades] ([intIdCiudad], [intIdDepartamento], [intCodigo], [strDescripcion]) VALUES (507, 11, 297, N'GACHETA')
INSERT [dbo].[Ciudades] ([intIdCiudad], [intIdDepartamento], [intCodigo], [strDescripcion]) VALUES (508, 11, 299, N'GAMA')
INSERT [dbo].[Ciudades] ([intIdCiudad], [intIdDepartamento], [intCodigo], [strDescripcion]) VALUES (509, 11, 307, N'GIRARDOT')
INSERT [dbo].[Ciudades] ([intIdCiudad], [intIdDepartamento], [intCodigo], [strDescripcion]) VALUES (510, 11, 312, N'GRANADA')
INSERT [dbo].[Ciudades] ([intIdCiudad], [intIdDepartamento], [intCodigo], [strDescripcion]) VALUES (511, 11, 317, N'GUACHETA')
INSERT [dbo].[Ciudades] ([intIdCiudad], [intIdDepartamento], [intCodigo], [strDescripcion]) VALUES (512, 11, 320, N'GUADUAS')
INSERT [dbo].[Ciudades] ([intIdCiudad], [intIdDepartamento], [intCodigo], [strDescripcion]) VALUES (513, 11, 322, N'GUASCA')
INSERT [dbo].[Ciudades] ([intIdCiudad], [intIdDepartamento], [intCodigo], [strDescripcion]) VALUES (514, 11, 324, N'GUATAQUI')
INSERT [dbo].[Ciudades] ([intIdCiudad], [intIdDepartamento], [intCodigo], [strDescripcion]) VALUES (515, 11, 326, N'GUATAVITA')
INSERT [dbo].[Ciudades] ([intIdCiudad], [intIdDepartamento], [intCodigo], [strDescripcion]) VALUES (516, 11, 328, N'GUAYABAL DE SIQUIMA')
INSERT [dbo].[Ciudades] ([intIdCiudad], [intIdDepartamento], [intCodigo], [strDescripcion]) VALUES (517, 11, 335, N'GUAYABETAL')
INSERT [dbo].[Ciudades] ([intIdCiudad], [intIdDepartamento], [intCodigo], [strDescripcion]) VALUES (518, 11, 339, N'GUTIERREZ')
INSERT [dbo].[Ciudades] ([intIdCiudad], [intIdDepartamento], [intCodigo], [strDescripcion]) VALUES (519, 11, 368, N'JERUSALEN')
INSERT [dbo].[Ciudades] ([intIdCiudad], [intIdDepartamento], [intCodigo], [strDescripcion]) VALUES (520, 11, 372, N'JUNIN')
INSERT [dbo].[Ciudades] ([intIdCiudad], [intIdDepartamento], [intCodigo], [strDescripcion]) VALUES (521, 11, 377, N'LA CALERA')
INSERT [dbo].[Ciudades] ([intIdCiudad], [intIdDepartamento], [intCodigo], [strDescripcion]) VALUES (522, 11, 386, N'LA MESA')
INSERT [dbo].[Ciudades] ([intIdCiudad], [intIdDepartamento], [intCodigo], [strDescripcion]) VALUES (523, 11, 394, N'LA PALMA')
INSERT [dbo].[Ciudades] ([intIdCiudad], [intIdDepartamento], [intCodigo], [strDescripcion]) VALUES (524, 11, 398, N'LA PEÑA')
INSERT [dbo].[Ciudades] ([intIdCiudad], [intIdDepartamento], [intCodigo], [strDescripcion]) VALUES (525, 11, 402, N'LA VEGA')
INSERT [dbo].[Ciudades] ([intIdCiudad], [intIdDepartamento], [intCodigo], [strDescripcion]) VALUES (526, 11, 407, N'LENGUAZAQUE')
INSERT [dbo].[Ciudades] ([intIdCiudad], [intIdDepartamento], [intCodigo], [strDescripcion]) VALUES (527, 11, 426, N'MACHETA')
INSERT [dbo].[Ciudades] ([intIdCiudad], [intIdDepartamento], [intCodigo], [strDescripcion]) VALUES (528, 11, 430, N'MADRID')
INSERT [dbo].[Ciudades] ([intIdCiudad], [intIdDepartamento], [intCodigo], [strDescripcion]) VALUES (529, 11, 436, N'MANTA')
INSERT [dbo].[Ciudades] ([intIdCiudad], [intIdDepartamento], [intCodigo], [strDescripcion]) VALUES (530, 11, 438, N'MEDINA')
INSERT [dbo].[Ciudades] ([intIdCiudad], [intIdDepartamento], [intCodigo], [strDescripcion]) VALUES (531, 11, 473, N'MOSQUERA')
INSERT [dbo].[Ciudades] ([intIdCiudad], [intIdDepartamento], [intCodigo], [strDescripcion]) VALUES (532, 11, 483, N'NARIÑO')
INSERT [dbo].[Ciudades] ([intIdCiudad], [intIdDepartamento], [intCodigo], [strDescripcion]) VALUES (533, 11, 486, N'NEMOCON')
INSERT [dbo].[Ciudades] ([intIdCiudad], [intIdDepartamento], [intCodigo], [strDescripcion]) VALUES (534, 11, 488, N'NILO')
INSERT [dbo].[Ciudades] ([intIdCiudad], [intIdDepartamento], [intCodigo], [strDescripcion]) VALUES (535, 11, 489, N'NIMAIMA')
INSERT [dbo].[Ciudades] ([intIdCiudad], [intIdDepartamento], [intCodigo], [strDescripcion]) VALUES (536, 11, 491, N'NOCAIMA')
INSERT [dbo].[Ciudades] ([intIdCiudad], [intIdDepartamento], [intCodigo], [strDescripcion]) VALUES (537, 11, 506, N'VENECIA (OSPINA PEREZ)')
INSERT [dbo].[Ciudades] ([intIdCiudad], [intIdDepartamento], [intCodigo], [strDescripcion]) VALUES (538, 11, 513, N'PACHO')
INSERT [dbo].[Ciudades] ([intIdCiudad], [intIdDepartamento], [intCodigo], [strDescripcion]) VALUES (539, 11, 518, N'PAIME')
INSERT [dbo].[Ciudades] ([intIdCiudad], [intIdDepartamento], [intCodigo], [strDescripcion]) VALUES (540, 11, 524, N'PANDI')
INSERT [dbo].[Ciudades] ([intIdCiudad], [intIdDepartamento], [intCodigo], [strDescripcion]) VALUES (541, 11, 530, N'PARATEBUENO')
INSERT [dbo].[Ciudades] ([intIdCiudad], [intIdDepartamento], [intCodigo], [strDescripcion]) VALUES (542, 11, 535, N'PASCA')
INSERT [dbo].[Ciudades] ([intIdCiudad], [intIdDepartamento], [intCodigo], [strDescripcion]) VALUES (543, 11, 572, N'PUERTO SALGAR')
INSERT [dbo].[Ciudades] ([intIdCiudad], [intIdDepartamento], [intCodigo], [strDescripcion]) VALUES (544, 11, 580, N'PULI')
INSERT [dbo].[Ciudades] ([intIdCiudad], [intIdDepartamento], [intCodigo], [strDescripcion]) VALUES (545, 11, 592, N'QUEBRADANEGRA')
INSERT [dbo].[Ciudades] ([intIdCiudad], [intIdDepartamento], [intCodigo], [strDescripcion]) VALUES (546, 11, 594, N'QUETAME')
INSERT [dbo].[Ciudades] ([intIdCiudad], [intIdDepartamento], [intCodigo], [strDescripcion]) VALUES (547, 11, 596, N'QUIPILE')
INSERT [dbo].[Ciudades] ([intIdCiudad], [intIdDepartamento], [intCodigo], [strDescripcion]) VALUES (548, 11, 599, N'APULO (RAFAEL REYES)')
INSERT [dbo].[Ciudades] ([intIdCiudad], [intIdDepartamento], [intCodigo], [strDescripcion]) VALUES (549, 11, 612, N'RICAURTE')
INSERT [dbo].[Ciudades] ([intIdCiudad], [intIdDepartamento], [intCodigo], [strDescripcion]) VALUES (550, 11, 645, N'SAN ANTONIO DEL TEQUENDAMA')
INSERT [dbo].[Ciudades] ([intIdCiudad], [intIdDepartamento], [intCodigo], [strDescripcion]) VALUES (551, 11, 649, N'SAN BERNARDO')
INSERT [dbo].[Ciudades] ([intIdCiudad], [intIdDepartamento], [intCodigo], [strDescripcion]) VALUES (552, 11, 653, N'SAN CAYETANO')
INSERT [dbo].[Ciudades] ([intIdCiudad], [intIdDepartamento], [intCodigo], [strDescripcion]) VALUES (553, 11, 658, N'SAN FRANCISCO')
INSERT [dbo].[Ciudades] ([intIdCiudad], [intIdDepartamento], [intCodigo], [strDescripcion]) VALUES (554, 11, 662, N'SAN JUAN DE RIOSECO')
INSERT [dbo].[Ciudades] ([intIdCiudad], [intIdDepartamento], [intCodigo], [strDescripcion]) VALUES (555, 11, 718, N'SASAIMA')
INSERT [dbo].[Ciudades] ([intIdCiudad], [intIdDepartamento], [intCodigo], [strDescripcion]) VALUES (556, 11, 736, N'SESQUILE')
INSERT [dbo].[Ciudades] ([intIdCiudad], [intIdDepartamento], [intCodigo], [strDescripcion]) VALUES (557, 11, 740, N'SIBATE')
INSERT [dbo].[Ciudades] ([intIdCiudad], [intIdDepartamento], [intCodigo], [strDescripcion]) VALUES (558, 11, 743, N'SILVANIA')
INSERT [dbo].[Ciudades] ([intIdCiudad], [intIdDepartamento], [intCodigo], [strDescripcion]) VALUES (559, 11, 745, N'SIMIJACA')
INSERT [dbo].[Ciudades] ([intIdCiudad], [intIdDepartamento], [intCodigo], [strDescripcion]) VALUES (560, 11, 754, N'SOACHA')
INSERT [dbo].[Ciudades] ([intIdCiudad], [intIdDepartamento], [intCodigo], [strDescripcion]) VALUES (561, 11, 758, N'SOPO')
INSERT [dbo].[Ciudades] ([intIdCiudad], [intIdDepartamento], [intCodigo], [strDescripcion]) VALUES (562, 11, 769, N'SUBACHOQUE')
INSERT [dbo].[Ciudades] ([intIdCiudad], [intIdDepartamento], [intCodigo], [strDescripcion]) VALUES (563, 11, 772, N'SUESCA')
INSERT [dbo].[Ciudades] ([intIdCiudad], [intIdDepartamento], [intCodigo], [strDescripcion]) VALUES (564, 11, 777, N'SUPATA')
INSERT [dbo].[Ciudades] ([intIdCiudad], [intIdDepartamento], [intCodigo], [strDescripcion]) VALUES (565, 11, 779, N'SUSA')
INSERT [dbo].[Ciudades] ([intIdCiudad], [intIdDepartamento], [intCodigo], [strDescripcion]) VALUES (566, 11, 781, N'SUTATAUSA')
INSERT [dbo].[Ciudades] ([intIdCiudad], [intIdDepartamento], [intCodigo], [strDescripcion]) VALUES (567, 11, 785, N'TABIO')
INSERT [dbo].[Ciudades] ([intIdCiudad], [intIdDepartamento], [intCodigo], [strDescripcion]) VALUES (568, 11, 793, N'TAUSA')
INSERT [dbo].[Ciudades] ([intIdCiudad], [intIdDepartamento], [intCodigo], [strDescripcion]) VALUES (569, 11, 797, N'TENA')
INSERT [dbo].[Ciudades] ([intIdCiudad], [intIdDepartamento], [intCodigo], [strDescripcion]) VALUES (570, 11, 799, N'TENJO')
INSERT [dbo].[Ciudades] ([intIdCiudad], [intIdDepartamento], [intCodigo], [strDescripcion]) VALUES (571, 11, 805, N'TIBACUY')
INSERT [dbo].[Ciudades] ([intIdCiudad], [intIdDepartamento], [intCodigo], [strDescripcion]) VALUES (572, 11, 807, N'TIBIRITA')
INSERT [dbo].[Ciudades] ([intIdCiudad], [intIdDepartamento], [intCodigo], [strDescripcion]) VALUES (573, 11, 815, N'TOCAIMA')
INSERT [dbo].[Ciudades] ([intIdCiudad], [intIdDepartamento], [intCodigo], [strDescripcion]) VALUES (574, 11, 817, N'TOCANCIPA')
INSERT [dbo].[Ciudades] ([intIdCiudad], [intIdDepartamento], [intCodigo], [strDescripcion]) VALUES (575, 11, 823, N'TOPAIPI')
INSERT [dbo].[Ciudades] ([intIdCiudad], [intIdDepartamento], [intCodigo], [strDescripcion]) VALUES (576, 11, 839, N'UBALA')
INSERT [dbo].[Ciudades] ([intIdCiudad], [intIdDepartamento], [intCodigo], [strDescripcion]) VALUES (577, 11, 841, N'UBAQUE')
INSERT [dbo].[Ciudades] ([intIdCiudad], [intIdDepartamento], [intCodigo], [strDescripcion]) VALUES (578, 11, 843, N'UBATE')
INSERT [dbo].[Ciudades] ([intIdCiudad], [intIdDepartamento], [intCodigo], [strDescripcion]) VALUES (579, 11, 845, N'UNE')
INSERT [dbo].[Ciudades] ([intIdCiudad], [intIdDepartamento], [intCodigo], [strDescripcion]) VALUES (580, 11, 851, N'UTICA')
INSERT [dbo].[Ciudades] ([intIdCiudad], [intIdDepartamento], [intCodigo], [strDescripcion]) VALUES (581, 11, 862, N'VERGARA')
INSERT [dbo].[Ciudades] ([intIdCiudad], [intIdDepartamento], [intCodigo], [strDescripcion]) VALUES (582, 11, 867, N'VIANI')
INSERT [dbo].[Ciudades] ([intIdCiudad], [intIdDepartamento], [intCodigo], [strDescripcion]) VALUES (583, 11, 871, N'VILLAGOMEZ')
INSERT [dbo].[Ciudades] ([intIdCiudad], [intIdDepartamento], [intCodigo], [strDescripcion]) VALUES (584, 11, 873, N'VILLAPINZON')
INSERT [dbo].[Ciudades] ([intIdCiudad], [intIdDepartamento], [intCodigo], [strDescripcion]) VALUES (585, 11, 875, N'VILLETA')
INSERT [dbo].[Ciudades] ([intIdCiudad], [intIdDepartamento], [intCodigo], [strDescripcion]) VALUES (586, 11, 878, N'VIOTA')
INSERT [dbo].[Ciudades] ([intIdCiudad], [intIdDepartamento], [intCodigo], [strDescripcion]) VALUES (587, 11, 885, N'YACOPI')
INSERT [dbo].[Ciudades] ([intIdCiudad], [intIdDepartamento], [intCodigo], [strDescripcion]) VALUES (588, 11, 898, N'ZIPACON')
INSERT [dbo].[Ciudades] ([intIdCiudad], [intIdDepartamento], [intCodigo], [strDescripcion]) VALUES (589, 11, 899, N'ZIPAQUIRA')
INSERT [dbo].[Ciudades] ([intIdCiudad], [intIdDepartamento], [intCodigo], [strDescripcion]) VALUES (590, 12, 1, N'QUIBDO (SAN FRANCISCO DE QUIBDO)')
INSERT [dbo].[Ciudades] ([intIdCiudad], [intIdDepartamento], [intCodigo], [strDescripcion]) VALUES (591, 12, 6, N'ACANDI')
INSERT [dbo].[Ciudades] ([intIdCiudad], [intIdDepartamento], [intCodigo], [strDescripcion]) VALUES (592, 12, 25, N'ALTO BAUDO (PIE DE PATO)')
INSERT [dbo].[Ciudades] ([intIdCiudad], [intIdDepartamento], [intCodigo], [strDescripcion]) VALUES (593, 12, 50, N'ATRATO')
INSERT [dbo].[Ciudades] ([intIdCiudad], [intIdDepartamento], [intCodigo], [strDescripcion]) VALUES (594, 12, 73, N'BAGADO')
INSERT [dbo].[Ciudades] ([intIdCiudad], [intIdDepartamento], [intCodigo], [strDescripcion]) VALUES (595, 12, 75, N'BAHIA SOLANO (MUTIS)')
INSERT [dbo].[Ciudades] ([intIdCiudad], [intIdDepartamento], [intCodigo], [strDescripcion]) VALUES (596, 12, 77, N'BAJO BAUDO (PIZARRO)')
INSERT [dbo].[Ciudades] ([intIdCiudad], [intIdDepartamento], [intCodigo], [strDescripcion]) VALUES (597, 12, 99, N'BOJAYA (BELLAVISTA)')
INSERT [dbo].[Ciudades] ([intIdCiudad], [intIdDepartamento], [intCodigo], [strDescripcion]) VALUES (598, 12, 135, N'CANTON DE SAN PABLO (MANAGRU)')
INSERT [dbo].[Ciudades] ([intIdCiudad], [intIdDepartamento], [intCodigo], [strDescripcion]) VALUES (599, 12, 205, N'CONDOTO')
INSERT [dbo].[Ciudades] ([intIdCiudad], [intIdDepartamento], [intCodigo], [strDescripcion]) VALUES (600, 12, 245, N'EL CARMEN DE ATRATO')
GO
INSERT [dbo].[Ciudades] ([intIdCiudad], [intIdDepartamento], [intCodigo], [strDescripcion]) VALUES (601, 12, 250, N'LITORAL DEL BAJO SAN JUAN (SANTA GENOVEVA DE DOCORDO)')
INSERT [dbo].[Ciudades] ([intIdCiudad], [intIdDepartamento], [intCodigo], [strDescripcion]) VALUES (602, 12, 361, N'ISTMINA')
INSERT [dbo].[Ciudades] ([intIdCiudad], [intIdDepartamento], [intCodigo], [strDescripcion]) VALUES (603, 12, 372, N'JURADO')
INSERT [dbo].[Ciudades] ([intIdCiudad], [intIdDepartamento], [intCodigo], [strDescripcion]) VALUES (604, 12, 413, N'LLORO')
INSERT [dbo].[Ciudades] ([intIdCiudad], [intIdDepartamento], [intCodigo], [strDescripcion]) VALUES (605, 12, 425, N'MEDIO ATRATO')
INSERT [dbo].[Ciudades] ([intIdCiudad], [intIdDepartamento], [intCodigo], [strDescripcion]) VALUES (606, 12, 430, N'MEDIO BAUDO')
INSERT [dbo].[Ciudades] ([intIdCiudad], [intIdDepartamento], [intCodigo], [strDescripcion]) VALUES (607, 12, 491, N'NOVITA')
INSERT [dbo].[Ciudades] ([intIdCiudad], [intIdDepartamento], [intCodigo], [strDescripcion]) VALUES (608, 12, 495, N'NUQUI')
INSERT [dbo].[Ciudades] ([intIdCiudad], [intIdDepartamento], [intCodigo], [strDescripcion]) VALUES (609, 12, 600, N'RIOQUITO')
INSERT [dbo].[Ciudades] ([intIdCiudad], [intIdDepartamento], [intCodigo], [strDescripcion]) VALUES (610, 12, 615, N'RIOSUCIO')
INSERT [dbo].[Ciudades] ([intIdCiudad], [intIdDepartamento], [intCodigo], [strDescripcion]) VALUES (611, 12, 660, N'SAN JOSE DEL PALMAR')
INSERT [dbo].[Ciudades] ([intIdCiudad], [intIdDepartamento], [intCodigo], [strDescripcion]) VALUES (612, 12, 745, N'SIPI')
INSERT [dbo].[Ciudades] ([intIdCiudad], [intIdDepartamento], [intCodigo], [strDescripcion]) VALUES (613, 12, 787, N'TADO')
INSERT [dbo].[Ciudades] ([intIdCiudad], [intIdDepartamento], [intCodigo], [strDescripcion]) VALUES (614, 12, 800, N'UNGUIA')
INSERT [dbo].[Ciudades] ([intIdCiudad], [intIdDepartamento], [intCodigo], [strDescripcion]) VALUES (615, 12, 810, N'UNION PANAMERICANA')
INSERT [dbo].[Ciudades] ([intIdCiudad], [intIdDepartamento], [intCodigo], [strDescripcion]) VALUES (616, 13, 1, N'NEIVA')
INSERT [dbo].[Ciudades] ([intIdCiudad], [intIdDepartamento], [intCodigo], [strDescripcion]) VALUES (617, 13, 6, N'ACEVEDO')
INSERT [dbo].[Ciudades] ([intIdCiudad], [intIdDepartamento], [intCodigo], [strDescripcion]) VALUES (618, 13, 13, N'AGRADO')
INSERT [dbo].[Ciudades] ([intIdCiudad], [intIdDepartamento], [intCodigo], [strDescripcion]) VALUES (619, 13, 16, N'AIPE')
INSERT [dbo].[Ciudades] ([intIdCiudad], [intIdDepartamento], [intCodigo], [strDescripcion]) VALUES (620, 13, 20, N'ALGECIRAS')
INSERT [dbo].[Ciudades] ([intIdCiudad], [intIdDepartamento], [intCodigo], [strDescripcion]) VALUES (621, 13, 26, N'ALTAMIRA')
INSERT [dbo].[Ciudades] ([intIdCiudad], [intIdDepartamento], [intCodigo], [strDescripcion]) VALUES (622, 13, 78, N'BARAYA')
INSERT [dbo].[Ciudades] ([intIdCiudad], [intIdDepartamento], [intCodigo], [strDescripcion]) VALUES (623, 13, 132, N'CAMPOALEGRE')
INSERT [dbo].[Ciudades] ([intIdCiudad], [intIdDepartamento], [intCodigo], [strDescripcion]) VALUES (624, 13, 206, N'COLOMBIA')
INSERT [dbo].[Ciudades] ([intIdCiudad], [intIdDepartamento], [intCodigo], [strDescripcion]) VALUES (625, 13, 244, N'ELIAS')
INSERT [dbo].[Ciudades] ([intIdCiudad], [intIdDepartamento], [intCodigo], [strDescripcion]) VALUES (626, 13, 298, N'GARZON')
INSERT [dbo].[Ciudades] ([intIdCiudad], [intIdDepartamento], [intCodigo], [strDescripcion]) VALUES (627, 13, 306, N'GIGANTE')
INSERT [dbo].[Ciudades] ([intIdCiudad], [intIdDepartamento], [intCodigo], [strDescripcion]) VALUES (628, 13, 319, N'GUADALUPE')
INSERT [dbo].[Ciudades] ([intIdCiudad], [intIdDepartamento], [intCodigo], [strDescripcion]) VALUES (629, 13, 349, N'HOBO')
INSERT [dbo].[Ciudades] ([intIdCiudad], [intIdDepartamento], [intCodigo], [strDescripcion]) VALUES (630, 13, 357, N'IQUIRA')
INSERT [dbo].[Ciudades] ([intIdCiudad], [intIdDepartamento], [intCodigo], [strDescripcion]) VALUES (631, 13, 359, N'ISNOS (SAN JOSE DE ISNOS)')
INSERT [dbo].[Ciudades] ([intIdCiudad], [intIdDepartamento], [intCodigo], [strDescripcion]) VALUES (632, 13, 378, N'LA ARGENTINA')
INSERT [dbo].[Ciudades] ([intIdCiudad], [intIdDepartamento], [intCodigo], [strDescripcion]) VALUES (633, 13, 396, N'LA PLATA')
INSERT [dbo].[Ciudades] ([intIdCiudad], [intIdDepartamento], [intCodigo], [strDescripcion]) VALUES (634, 13, 483, N'NATAGA')
INSERT [dbo].[Ciudades] ([intIdCiudad], [intIdDepartamento], [intCodigo], [strDescripcion]) VALUES (635, 13, 503, N'OPORAPA')
INSERT [dbo].[Ciudades] ([intIdCiudad], [intIdDepartamento], [intCodigo], [strDescripcion]) VALUES (636, 13, 518, N'PAICOL')
INSERT [dbo].[Ciudades] ([intIdCiudad], [intIdDepartamento], [intCodigo], [strDescripcion]) VALUES (637, 13, 524, N'PALERMO')
INSERT [dbo].[Ciudades] ([intIdCiudad], [intIdDepartamento], [intCodigo], [strDescripcion]) VALUES (638, 13, 530, N'PALESTINA')
INSERT [dbo].[Ciudades] ([intIdCiudad], [intIdDepartamento], [intCodigo], [strDescripcion]) VALUES (639, 13, 548, N'PITAL')
INSERT [dbo].[Ciudades] ([intIdCiudad], [intIdDepartamento], [intCodigo], [strDescripcion]) VALUES (640, 13, 551, N'PITALITO')
INSERT [dbo].[Ciudades] ([intIdCiudad], [intIdDepartamento], [intCodigo], [strDescripcion]) VALUES (641, 13, 615, N'RIVERA')
INSERT [dbo].[Ciudades] ([intIdCiudad], [intIdDepartamento], [intCodigo], [strDescripcion]) VALUES (642, 13, 660, N'SALADOBLANCO')
INSERT [dbo].[Ciudades] ([intIdCiudad], [intIdDepartamento], [intCodigo], [strDescripcion]) VALUES (643, 13, 668, N'SAN AGUSTIN')
INSERT [dbo].[Ciudades] ([intIdCiudad], [intIdDepartamento], [intCodigo], [strDescripcion]) VALUES (644, 13, 676, N'SANTA MARIA')
INSERT [dbo].[Ciudades] ([intIdCiudad], [intIdDepartamento], [intCodigo], [strDescripcion]) VALUES (645, 13, 770, N'SUAZA')
INSERT [dbo].[Ciudades] ([intIdCiudad], [intIdDepartamento], [intCodigo], [strDescripcion]) VALUES (646, 13, 791, N'TARQUI')
INSERT [dbo].[Ciudades] ([intIdCiudad], [intIdDepartamento], [intCodigo], [strDescripcion]) VALUES (647, 13, 797, N'TESALIA')
INSERT [dbo].[Ciudades] ([intIdCiudad], [intIdDepartamento], [intCodigo], [strDescripcion]) VALUES (648, 13, 799, N'TELLO')
INSERT [dbo].[Ciudades] ([intIdCiudad], [intIdDepartamento], [intCodigo], [strDescripcion]) VALUES (649, 13, 801, N'TERUEL')
INSERT [dbo].[Ciudades] ([intIdCiudad], [intIdDepartamento], [intCodigo], [strDescripcion]) VALUES (650, 13, 807, N'TIMANA')
INSERT [dbo].[Ciudades] ([intIdCiudad], [intIdDepartamento], [intCodigo], [strDescripcion]) VALUES (651, 13, 872, N'VILLAVIEJA')
INSERT [dbo].[Ciudades] ([intIdCiudad], [intIdDepartamento], [intCodigo], [strDescripcion]) VALUES (652, 13, 885, N'YAGUARA')
INSERT [dbo].[Ciudades] ([intIdCiudad], [intIdDepartamento], [intCodigo], [strDescripcion]) VALUES (653, 14, 1, N'RIOHACHA')
INSERT [dbo].[Ciudades] ([intIdCiudad], [intIdDepartamento], [intCodigo], [strDescripcion]) VALUES (654, 14, 78, N'BARRANCAS')
INSERT [dbo].[Ciudades] ([intIdCiudad], [intIdDepartamento], [intCodigo], [strDescripcion]) VALUES (655, 14, 90, N'DIBULLA')
INSERT [dbo].[Ciudades] ([intIdCiudad], [intIdDepartamento], [intCodigo], [strDescripcion]) VALUES (656, 14, 98, N'DISTRACCION')
INSERT [dbo].[Ciudades] ([intIdCiudad], [intIdDepartamento], [intCodigo], [strDescripcion]) VALUES (657, 14, 110, N'EL MOLINO')
INSERT [dbo].[Ciudades] ([intIdCiudad], [intIdDepartamento], [intCodigo], [strDescripcion]) VALUES (658, 14, 279, N'FONSECA')
INSERT [dbo].[Ciudades] ([intIdCiudad], [intIdDepartamento], [intCodigo], [strDescripcion]) VALUES (659, 14, 378, N'HATONUEVO')
INSERT [dbo].[Ciudades] ([intIdCiudad], [intIdDepartamento], [intCodigo], [strDescripcion]) VALUES (660, 14, 420, N'LA JAGUA DEL PILAR')
INSERT [dbo].[Ciudades] ([intIdCiudad], [intIdDepartamento], [intCodigo], [strDescripcion]) VALUES (661, 14, 430, N'MAICAO')
INSERT [dbo].[Ciudades] ([intIdCiudad], [intIdDepartamento], [intCodigo], [strDescripcion]) VALUES (662, 14, 560, N'MANAURE')
INSERT [dbo].[Ciudades] ([intIdCiudad], [intIdDepartamento], [intCodigo], [strDescripcion]) VALUES (663, 14, 650, N'SAN JUAN DEL CESAR')
INSERT [dbo].[Ciudades] ([intIdCiudad], [intIdDepartamento], [intCodigo], [strDescripcion]) VALUES (664, 14, 847, N'URIBIA')
INSERT [dbo].[Ciudades] ([intIdCiudad], [intIdDepartamento], [intCodigo], [strDescripcion]) VALUES (665, 14, 855, N'URUMITA')
INSERT [dbo].[Ciudades] ([intIdCiudad], [intIdDepartamento], [intCodigo], [strDescripcion]) VALUES (666, 14, 874, N'VILLANUEVA')
INSERT [dbo].[Ciudades] ([intIdCiudad], [intIdDepartamento], [intCodigo], [strDescripcion]) VALUES (667, 15, 1, N'SANTA MARTA (DISTRITO TURISTICO CULTURAL E HISTORICO DE SANTA MARTA)')
INSERT [dbo].[Ciudades] ([intIdCiudad], [intIdDepartamento], [intCodigo], [strDescripcion]) VALUES (668, 15, 30, N'ALGARROBO')
INSERT [dbo].[Ciudades] ([intIdCiudad], [intIdDepartamento], [intCodigo], [strDescripcion]) VALUES (669, 15, 53, N'ARACATACA')
INSERT [dbo].[Ciudades] ([intIdCiudad], [intIdDepartamento], [intCodigo], [strDescripcion]) VALUES (670, 15, 58, N'ARIGUANI (EL DIFICIL)')
INSERT [dbo].[Ciudades] ([intIdCiudad], [intIdDepartamento], [intCodigo], [strDescripcion]) VALUES (671, 15, 161, N'CERRO SAN ANTONIO')
INSERT [dbo].[Ciudades] ([intIdCiudad], [intIdDepartamento], [intCodigo], [strDescripcion]) VALUES (672, 15, 170, N'CHIVOLO')
INSERT [dbo].[Ciudades] ([intIdCiudad], [intIdDepartamento], [intCodigo], [strDescripcion]) VALUES (673, 15, 189, N'CIENAGA')
INSERT [dbo].[Ciudades] ([intIdCiudad], [intIdDepartamento], [intCodigo], [strDescripcion]) VALUES (674, 15, 205, N'CONCORDIA')
INSERT [dbo].[Ciudades] ([intIdCiudad], [intIdDepartamento], [intCodigo], [strDescripcion]) VALUES (675, 15, 245, N'EL BANCO')
INSERT [dbo].[Ciudades] ([intIdCiudad], [intIdDepartamento], [intCodigo], [strDescripcion]) VALUES (676, 15, 258, N'EL PIÑON')
INSERT [dbo].[Ciudades] ([intIdCiudad], [intIdDepartamento], [intCodigo], [strDescripcion]) VALUES (677, 15, 268, N'EL RETEN')
INSERT [dbo].[Ciudades] ([intIdCiudad], [intIdDepartamento], [intCodigo], [strDescripcion]) VALUES (678, 15, 288, N'FUNDACION')
INSERT [dbo].[Ciudades] ([intIdCiudad], [intIdDepartamento], [intCodigo], [strDescripcion]) VALUES (679, 15, 318, N'GUAMAL')
INSERT [dbo].[Ciudades] ([intIdCiudad], [intIdDepartamento], [intCodigo], [strDescripcion]) VALUES (680, 15, 541, N'PEDRAZA')
INSERT [dbo].[Ciudades] ([intIdCiudad], [intIdDepartamento], [intCodigo], [strDescripcion]) VALUES (681, 15, 545, N'PIJIÑO DEL CARMEN (PIJIÑO)')
INSERT [dbo].[Ciudades] ([intIdCiudad], [intIdDepartamento], [intCodigo], [strDescripcion]) VALUES (682, 15, 551, N'PIVIJAY')
INSERT [dbo].[Ciudades] ([intIdCiudad], [intIdDepartamento], [intCodigo], [strDescripcion]) VALUES (683, 15, 555, N'PLATO')
INSERT [dbo].[Ciudades] ([intIdCiudad], [intIdDepartamento], [intCodigo], [strDescripcion]) VALUES (684, 15, 570, N'PUEBLOVIEJO')
INSERT [dbo].[Ciudades] ([intIdCiudad], [intIdDepartamento], [intCodigo], [strDescripcion]) VALUES (685, 15, 605, N'REMOLINO')
INSERT [dbo].[Ciudades] ([intIdCiudad], [intIdDepartamento], [intCodigo], [strDescripcion]) VALUES (686, 15, 660, N'SABANAS DE SAN ANGEL')
INSERT [dbo].[Ciudades] ([intIdCiudad], [intIdDepartamento], [intCodigo], [strDescripcion]) VALUES (687, 15, 675, N'SALAMINA')
INSERT [dbo].[Ciudades] ([intIdCiudad], [intIdDepartamento], [intCodigo], [strDescripcion]) VALUES (688, 15, 692, N'SAN SEBASTIAN DE BUENAVISTA')
INSERT [dbo].[Ciudades] ([intIdCiudad], [intIdDepartamento], [intCodigo], [strDescripcion]) VALUES (689, 15, 703, N'SAN ZENON')
INSERT [dbo].[Ciudades] ([intIdCiudad], [intIdDepartamento], [intCodigo], [strDescripcion]) VALUES (690, 15, 707, N'SANTA ANA')
INSERT [dbo].[Ciudades] ([intIdCiudad], [intIdDepartamento], [intCodigo], [strDescripcion]) VALUES (691, 15, 745, N'SITIONUEVO')
INSERT [dbo].[Ciudades] ([intIdCiudad], [intIdDepartamento], [intCodigo], [strDescripcion]) VALUES (692, 15, 798, N'TENERIFE')
INSERT [dbo].[Ciudades] ([intIdCiudad], [intIdDepartamento], [intCodigo], [strDescripcion]) VALUES (693, 16, 1, N'VILLAVICENCIO')
INSERT [dbo].[Ciudades] ([intIdCiudad], [intIdDepartamento], [intCodigo], [strDescripcion]) VALUES (694, 16, 6, N'ACACIAS')
INSERT [dbo].[Ciudades] ([intIdCiudad], [intIdDepartamento], [intCodigo], [strDescripcion]) VALUES (695, 16, 110, N'BARRANCA DE UPIA')
INSERT [dbo].[Ciudades] ([intIdCiudad], [intIdDepartamento], [intCodigo], [strDescripcion]) VALUES (696, 16, 124, N'CABUYARO')
INSERT [dbo].[Ciudades] ([intIdCiudad], [intIdDepartamento], [intCodigo], [strDescripcion]) VALUES (697, 16, 150, N'CASTILLA LA NUEVA')
INSERT [dbo].[Ciudades] ([intIdCiudad], [intIdDepartamento], [intCodigo], [strDescripcion]) VALUES (698, 16, 223, N'SAN LUIS DE CUBARRAL')
INSERT [dbo].[Ciudades] ([intIdCiudad], [intIdDepartamento], [intCodigo], [strDescripcion]) VALUES (699, 16, 226, N'CUMARAL')
INSERT [dbo].[Ciudades] ([intIdCiudad], [intIdDepartamento], [intCodigo], [strDescripcion]) VALUES (700, 16, 245, N'EL CALVARIO')
GO
INSERT [dbo].[Ciudades] ([intIdCiudad], [intIdDepartamento], [intCodigo], [strDescripcion]) VALUES (701, 16, 251, N'EL CASTILLO')
INSERT [dbo].[Ciudades] ([intIdCiudad], [intIdDepartamento], [intCodigo], [strDescripcion]) VALUES (702, 16, 270, N'EL DORADO')
INSERT [dbo].[Ciudades] ([intIdCiudad], [intIdDepartamento], [intCodigo], [strDescripcion]) VALUES (703, 16, 287, N'FUENTE DE ORO')
INSERT [dbo].[Ciudades] ([intIdCiudad], [intIdDepartamento], [intCodigo], [strDescripcion]) VALUES (704, 16, 313, N'GRANADA')
INSERT [dbo].[Ciudades] ([intIdCiudad], [intIdDepartamento], [intCodigo], [strDescripcion]) VALUES (705, 16, 318, N'GUAMAL')
INSERT [dbo].[Ciudades] ([intIdCiudad], [intIdDepartamento], [intCodigo], [strDescripcion]) VALUES (706, 16, 325, N'MAPIRIPAN')
INSERT [dbo].[Ciudades] ([intIdCiudad], [intIdDepartamento], [intCodigo], [strDescripcion]) VALUES (707, 16, 330, N'MESETAS')
INSERT [dbo].[Ciudades] ([intIdCiudad], [intIdDepartamento], [intCodigo], [strDescripcion]) VALUES (708, 16, 350, N'LA MACARENA')
INSERT [dbo].[Ciudades] ([intIdCiudad], [intIdDepartamento], [intCodigo], [strDescripcion]) VALUES (709, 16, 370, N'LA URIBE')
INSERT [dbo].[Ciudades] ([intIdCiudad], [intIdDepartamento], [intCodigo], [strDescripcion]) VALUES (710, 16, 400, N'LEJANIAS')
INSERT [dbo].[Ciudades] ([intIdCiudad], [intIdDepartamento], [intCodigo], [strDescripcion]) VALUES (711, 16, 450, N'PUERTO CONCORDIA')
INSERT [dbo].[Ciudades] ([intIdCiudad], [intIdDepartamento], [intCodigo], [strDescripcion]) VALUES (712, 16, 568, N'PUERTO GAITAN')
INSERT [dbo].[Ciudades] ([intIdCiudad], [intIdDepartamento], [intCodigo], [strDescripcion]) VALUES (713, 16, 573, N'PUERTO LOPEZ')
INSERT [dbo].[Ciudades] ([intIdCiudad], [intIdDepartamento], [intCodigo], [strDescripcion]) VALUES (714, 16, 577, N'PUERTO LLERAS')
INSERT [dbo].[Ciudades] ([intIdCiudad], [intIdDepartamento], [intCodigo], [strDescripcion]) VALUES (715, 16, 590, N'PUERTO RICO')
INSERT [dbo].[Ciudades] ([intIdCiudad], [intIdDepartamento], [intCodigo], [strDescripcion]) VALUES (716, 16, 606, N'RESTREPO')
INSERT [dbo].[Ciudades] ([intIdCiudad], [intIdDepartamento], [intCodigo], [strDescripcion]) VALUES (717, 16, 680, N'SAN CARLOS DE GUAROA')
INSERT [dbo].[Ciudades] ([intIdCiudad], [intIdDepartamento], [intCodigo], [strDescripcion]) VALUES (718, 16, 683, N'SAN JUAN DE ARAMA')
INSERT [dbo].[Ciudades] ([intIdCiudad], [intIdDepartamento], [intCodigo], [strDescripcion]) VALUES (719, 16, 686, N'SAN JUANITO')
INSERT [dbo].[Ciudades] ([intIdCiudad], [intIdDepartamento], [intCodigo], [strDescripcion]) VALUES (720, 16, 689, N'SAN MARTIN')
INSERT [dbo].[Ciudades] ([intIdCiudad], [intIdDepartamento], [intCodigo], [strDescripcion]) VALUES (721, 16, 711, N'VISTAHERMOSA')
INSERT [dbo].[Ciudades] ([intIdCiudad], [intIdDepartamento], [intCodigo], [strDescripcion]) VALUES (722, 17, 1, N'PASTO (SAN JUAN DE PASTO)')
INSERT [dbo].[Ciudades] ([intIdCiudad], [intIdDepartamento], [intCodigo], [strDescripcion]) VALUES (723, 17, 19, N'ALBAN (SAN JOSE)')
INSERT [dbo].[Ciudades] ([intIdCiudad], [intIdDepartamento], [intCodigo], [strDescripcion]) VALUES (724, 17, 22, N'ALDANA')
INSERT [dbo].[Ciudades] ([intIdCiudad], [intIdDepartamento], [intCodigo], [strDescripcion]) VALUES (725, 17, 36, N'ANCUYA')
INSERT [dbo].[Ciudades] ([intIdCiudad], [intIdDepartamento], [intCodigo], [strDescripcion]) VALUES (726, 17, 51, N'ARBOLEDA (BERRUECOS)')
INSERT [dbo].[Ciudades] ([intIdCiudad], [intIdDepartamento], [intCodigo], [strDescripcion]) VALUES (727, 17, 79, N'BARBACOAS')
INSERT [dbo].[Ciudades] ([intIdCiudad], [intIdDepartamento], [intCodigo], [strDescripcion]) VALUES (728, 17, 83, N'BELEN')
INSERT [dbo].[Ciudades] ([intIdCiudad], [intIdDepartamento], [intCodigo], [strDescripcion]) VALUES (729, 17, 110, N'BUESACO')
INSERT [dbo].[Ciudades] ([intIdCiudad], [intIdDepartamento], [intCodigo], [strDescripcion]) VALUES (730, 17, 203, N'COLON (GENOVA)')
INSERT [dbo].[Ciudades] ([intIdCiudad], [intIdDepartamento], [intCodigo], [strDescripcion]) VALUES (731, 17, 207, N'CONSACA')
INSERT [dbo].[Ciudades] ([intIdCiudad], [intIdDepartamento], [intCodigo], [strDescripcion]) VALUES (732, 17, 210, N'CONTADERO')
INSERT [dbo].[Ciudades] ([intIdCiudad], [intIdDepartamento], [intCodigo], [strDescripcion]) VALUES (733, 17, 215, N'CORDOBA')
INSERT [dbo].[Ciudades] ([intIdCiudad], [intIdDepartamento], [intCodigo], [strDescripcion]) VALUES (734, 17, 224, N'CUASPUD (CARLOSAMA)')
INSERT [dbo].[Ciudades] ([intIdCiudad], [intIdDepartamento], [intCodigo], [strDescripcion]) VALUES (735, 17, 227, N'CUMBAL')
INSERT [dbo].[Ciudades] ([intIdCiudad], [intIdDepartamento], [intCodigo], [strDescripcion]) VALUES (736, 17, 233, N'CUMBITARA')
INSERT [dbo].[Ciudades] ([intIdCiudad], [intIdDepartamento], [intCodigo], [strDescripcion]) VALUES (737, 17, 240, N'CHACHAGUI')
INSERT [dbo].[Ciudades] ([intIdCiudad], [intIdDepartamento], [intCodigo], [strDescripcion]) VALUES (738, 17, 250, N'EL CHARCO')
INSERT [dbo].[Ciudades] ([intIdCiudad], [intIdDepartamento], [intCodigo], [strDescripcion]) VALUES (739, 17, 254, N'EL PEÑOL')
INSERT [dbo].[Ciudades] ([intIdCiudad], [intIdDepartamento], [intCodigo], [strDescripcion]) VALUES (740, 17, 256, N'EL ROSARIO')
INSERT [dbo].[Ciudades] ([intIdCiudad], [intIdDepartamento], [intCodigo], [strDescripcion]) VALUES (741, 17, 258, N'EL TABLON')
INSERT [dbo].[Ciudades] ([intIdCiudad], [intIdDepartamento], [intCodigo], [strDescripcion]) VALUES (742, 17, 260, N'EL TAMBO')
INSERT [dbo].[Ciudades] ([intIdCiudad], [intIdDepartamento], [intCodigo], [strDescripcion]) VALUES (743, 17, 287, N'FUNES')
INSERT [dbo].[Ciudades] ([intIdCiudad], [intIdDepartamento], [intCodigo], [strDescripcion]) VALUES (744, 17, 317, N'GUACHUCAL')
INSERT [dbo].[Ciudades] ([intIdCiudad], [intIdDepartamento], [intCodigo], [strDescripcion]) VALUES (745, 17, 320, N'GUAITARILLA')
INSERT [dbo].[Ciudades] ([intIdCiudad], [intIdDepartamento], [intCodigo], [strDescripcion]) VALUES (746, 17, 323, N'GUALMATAN')
INSERT [dbo].[Ciudades] ([intIdCiudad], [intIdDepartamento], [intCodigo], [strDescripcion]) VALUES (747, 17, 352, N'ILES')
INSERT [dbo].[Ciudades] ([intIdCiudad], [intIdDepartamento], [intCodigo], [strDescripcion]) VALUES (748, 17, 354, N'IMUES')
INSERT [dbo].[Ciudades] ([intIdCiudad], [intIdDepartamento], [intCodigo], [strDescripcion]) VALUES (749, 17, 356, N'IPIALES')
INSERT [dbo].[Ciudades] ([intIdCiudad], [intIdDepartamento], [intCodigo], [strDescripcion]) VALUES (750, 17, 378, N'LA CRUZ')
INSERT [dbo].[Ciudades] ([intIdCiudad], [intIdDepartamento], [intCodigo], [strDescripcion]) VALUES (751, 17, 381, N'LA FLORIDA')
INSERT [dbo].[Ciudades] ([intIdCiudad], [intIdDepartamento], [intCodigo], [strDescripcion]) VALUES (752, 17, 385, N'LA LLANADA')
INSERT [dbo].[Ciudades] ([intIdCiudad], [intIdDepartamento], [intCodigo], [strDescripcion]) VALUES (753, 17, 390, N'LA TOLA')
INSERT [dbo].[Ciudades] ([intIdCiudad], [intIdDepartamento], [intCodigo], [strDescripcion]) VALUES (754, 17, 399, N'LA UNION')
INSERT [dbo].[Ciudades] ([intIdCiudad], [intIdDepartamento], [intCodigo], [strDescripcion]) VALUES (755, 17, 405, N'LEIVA')
INSERT [dbo].[Ciudades] ([intIdCiudad], [intIdDepartamento], [intCodigo], [strDescripcion]) VALUES (756, 17, 411, N'LINARES')
INSERT [dbo].[Ciudades] ([intIdCiudad], [intIdDepartamento], [intCodigo], [strDescripcion]) VALUES (757, 17, 418, N'LOS ANDES (SOTOMAYOR)')
INSERT [dbo].[Ciudades] ([intIdCiudad], [intIdDepartamento], [intCodigo], [strDescripcion]) VALUES (758, 17, 427, N'MAGUI (PAYAN)')
INSERT [dbo].[Ciudades] ([intIdCiudad], [intIdDepartamento], [intCodigo], [strDescripcion]) VALUES (759, 17, 435, N'MALLAMA (PIEDRANCHA)')
INSERT [dbo].[Ciudades] ([intIdCiudad], [intIdDepartamento], [intCodigo], [strDescripcion]) VALUES (760, 17, 473, N'MOSQUERA')
INSERT [dbo].[Ciudades] ([intIdCiudad], [intIdDepartamento], [intCodigo], [strDescripcion]) VALUES (761, 17, 490, N'OLAYA HERRERA (BOCAS DE SATINGA)')
INSERT [dbo].[Ciudades] ([intIdCiudad], [intIdDepartamento], [intCodigo], [strDescripcion]) VALUES (762, 17, 506, N'OSPINA')
INSERT [dbo].[Ciudades] ([intIdCiudad], [intIdDepartamento], [intCodigo], [strDescripcion]) VALUES (763, 17, 520, N'FRANCISCO PIZARRO (SALAHONDA)')
INSERT [dbo].[Ciudades] ([intIdCiudad], [intIdDepartamento], [intCodigo], [strDescripcion]) VALUES (764, 17, 540, N'POLICARPA')
INSERT [dbo].[Ciudades] ([intIdCiudad], [intIdDepartamento], [intCodigo], [strDescripcion]) VALUES (765, 17, 560, N'POTOSI')
INSERT [dbo].[Ciudades] ([intIdCiudad], [intIdDepartamento], [intCodigo], [strDescripcion]) VALUES (766, 17, 565, N'PROVIDENCIA')
INSERT [dbo].[Ciudades] ([intIdCiudad], [intIdDepartamento], [intCodigo], [strDescripcion]) VALUES (767, 17, 573, N'PUERRES')
INSERT [dbo].[Ciudades] ([intIdCiudad], [intIdDepartamento], [intCodigo], [strDescripcion]) VALUES (768, 17, 585, N'PUPIALES')
INSERT [dbo].[Ciudades] ([intIdCiudad], [intIdDepartamento], [intCodigo], [strDescripcion]) VALUES (769, 17, 612, N'RICAURTE')
INSERT [dbo].[Ciudades] ([intIdCiudad], [intIdDepartamento], [intCodigo], [strDescripcion]) VALUES (770, 17, 621, N'ROBERTO PAYAN (SAN JOSE)')
INSERT [dbo].[Ciudades] ([intIdCiudad], [intIdDepartamento], [intCodigo], [strDescripcion]) VALUES (771, 17, 678, N'SAMANIEGO')
INSERT [dbo].[Ciudades] ([intIdCiudad], [intIdDepartamento], [intCodigo], [strDescripcion]) VALUES (772, 17, 683, N'SANDONA')
INSERT [dbo].[Ciudades] ([intIdCiudad], [intIdDepartamento], [intCodigo], [strDescripcion]) VALUES (773, 17, 685, N'SAN BERNARDO')
INSERT [dbo].[Ciudades] ([intIdCiudad], [intIdDepartamento], [intCodigo], [strDescripcion]) VALUES (774, 17, 687, N'SAN LORENZO')
INSERT [dbo].[Ciudades] ([intIdCiudad], [intIdDepartamento], [intCodigo], [strDescripcion]) VALUES (775, 17, 693, N'SAN PABLO')
INSERT [dbo].[Ciudades] ([intIdCiudad], [intIdDepartamento], [intCodigo], [strDescripcion]) VALUES (776, 17, 694, N'SAN PEDRO DE CARTAGO')
INSERT [dbo].[Ciudades] ([intIdCiudad], [intIdDepartamento], [intCodigo], [strDescripcion]) VALUES (777, 17, 696, N'SANTA BARBARA (ISCUANDE)')
INSERT [dbo].[Ciudades] ([intIdCiudad], [intIdDepartamento], [intCodigo], [strDescripcion]) VALUES (778, 17, 699, N'SANTA CRUZ (GUACHAVES)')
INSERT [dbo].[Ciudades] ([intIdCiudad], [intIdDepartamento], [intCodigo], [strDescripcion]) VALUES (779, 17, 720, N'SAPUYES')
INSERT [dbo].[Ciudades] ([intIdCiudad], [intIdDepartamento], [intCodigo], [strDescripcion]) VALUES (780, 17, 786, N'TAMINANGO')
INSERT [dbo].[Ciudades] ([intIdCiudad], [intIdDepartamento], [intCodigo], [strDescripcion]) VALUES (781, 17, 788, N'TANGUA')
INSERT [dbo].[Ciudades] ([intIdCiudad], [intIdDepartamento], [intCodigo], [strDescripcion]) VALUES (782, 17, 835, N'TUMACO')
INSERT [dbo].[Ciudades] ([intIdCiudad], [intIdDepartamento], [intCodigo], [strDescripcion]) VALUES (783, 17, 838, N'TUQUERRES')
INSERT [dbo].[Ciudades] ([intIdCiudad], [intIdDepartamento], [intCodigo], [strDescripcion]) VALUES (784, 17, 885, N'YACUANQUER')
INSERT [dbo].[Ciudades] ([intIdCiudad], [intIdDepartamento], [intCodigo], [strDescripcion]) VALUES (785, 18, 1, N'CUCUTA')
INSERT [dbo].[Ciudades] ([intIdCiudad], [intIdDepartamento], [intCodigo], [strDescripcion]) VALUES (786, 18, 3, N'ABREGO')
INSERT [dbo].[Ciudades] ([intIdCiudad], [intIdDepartamento], [intCodigo], [strDescripcion]) VALUES (787, 18, 51, N'ARBOLEDAS')
INSERT [dbo].[Ciudades] ([intIdCiudad], [intIdDepartamento], [intCodigo], [strDescripcion]) VALUES (788, 18, 99, N'BOCHALEMA')
INSERT [dbo].[Ciudades] ([intIdCiudad], [intIdDepartamento], [intCodigo], [strDescripcion]) VALUES (789, 18, 109, N'BUCARASICA')
INSERT [dbo].[Ciudades] ([intIdCiudad], [intIdDepartamento], [intCodigo], [strDescripcion]) VALUES (790, 18, 125, N'CACOTA')
INSERT [dbo].[Ciudades] ([intIdCiudad], [intIdDepartamento], [intCodigo], [strDescripcion]) VALUES (791, 18, 128, N'CACHIRA')
INSERT [dbo].[Ciudades] ([intIdCiudad], [intIdDepartamento], [intCodigo], [strDescripcion]) VALUES (792, 18, 172, N'CHINACOTA')
INSERT [dbo].[Ciudades] ([intIdCiudad], [intIdDepartamento], [intCodigo], [strDescripcion]) VALUES (793, 18, 174, N'CHITAGA')
INSERT [dbo].[Ciudades] ([intIdCiudad], [intIdDepartamento], [intCodigo], [strDescripcion]) VALUES (794, 18, 206, N'CONVENCION')
INSERT [dbo].[Ciudades] ([intIdCiudad], [intIdDepartamento], [intCodigo], [strDescripcion]) VALUES (795, 18, 223, N'CUCUTILLA')
INSERT [dbo].[Ciudades] ([intIdCiudad], [intIdDepartamento], [intCodigo], [strDescripcion]) VALUES (796, 18, 239, N'DURANIA')
INSERT [dbo].[Ciudades] ([intIdCiudad], [intIdDepartamento], [intCodigo], [strDescripcion]) VALUES (797, 18, 245, N'EL CARMEN')
INSERT [dbo].[Ciudades] ([intIdCiudad], [intIdDepartamento], [intCodigo], [strDescripcion]) VALUES (798, 18, 250, N'EL TARRA')
INSERT [dbo].[Ciudades] ([intIdCiudad], [intIdDepartamento], [intCodigo], [strDescripcion]) VALUES (799, 18, 261, N'EL ZULIA')
INSERT [dbo].[Ciudades] ([intIdCiudad], [intIdDepartamento], [intCodigo], [strDescripcion]) VALUES (800, 18, 313, N'GRAMALOTE')
GO
INSERT [dbo].[Ciudades] ([intIdCiudad], [intIdDepartamento], [intCodigo], [strDescripcion]) VALUES (801, 18, 344, N'HACARI')
INSERT [dbo].[Ciudades] ([intIdCiudad], [intIdDepartamento], [intCodigo], [strDescripcion]) VALUES (802, 18, 347, N'HERRAN')
INSERT [dbo].[Ciudades] ([intIdCiudad], [intIdDepartamento], [intCodigo], [strDescripcion]) VALUES (803, 18, 377, N'LABATECA')
INSERT [dbo].[Ciudades] ([intIdCiudad], [intIdDepartamento], [intCodigo], [strDescripcion]) VALUES (804, 18, 385, N'LA ESPERANZA')
INSERT [dbo].[Ciudades] ([intIdCiudad], [intIdDepartamento], [intCodigo], [strDescripcion]) VALUES (805, 18, 398, N'LA PLAYA')
INSERT [dbo].[Ciudades] ([intIdCiudad], [intIdDepartamento], [intCodigo], [strDescripcion]) VALUES (806, 18, 405, N'LOS PATIOS')
INSERT [dbo].[Ciudades] ([intIdCiudad], [intIdDepartamento], [intCodigo], [strDescripcion]) VALUES (807, 18, 418, N'LOURDES')
INSERT [dbo].[Ciudades] ([intIdCiudad], [intIdDepartamento], [intCodigo], [strDescripcion]) VALUES (808, 18, 480, N'MUTISCUA')
INSERT [dbo].[Ciudades] ([intIdCiudad], [intIdDepartamento], [intCodigo], [strDescripcion]) VALUES (809, 18, 498, N'OCAÑA')
INSERT [dbo].[Ciudades] ([intIdCiudad], [intIdDepartamento], [intCodigo], [strDescripcion]) VALUES (810, 18, 518, N'PAMPLONA')
INSERT [dbo].[Ciudades] ([intIdCiudad], [intIdDepartamento], [intCodigo], [strDescripcion]) VALUES (811, 18, 520, N'PAMPLONITA')
INSERT [dbo].[Ciudades] ([intIdCiudad], [intIdDepartamento], [intCodigo], [strDescripcion]) VALUES (812, 18, 553, N'PUERTO SANTANDER')
INSERT [dbo].[Ciudades] ([intIdCiudad], [intIdDepartamento], [intCodigo], [strDescripcion]) VALUES (813, 18, 599, N'RAGONVALIA')
INSERT [dbo].[Ciudades] ([intIdCiudad], [intIdDepartamento], [intCodigo], [strDescripcion]) VALUES (814, 18, 660, N'SALAZAR')
INSERT [dbo].[Ciudades] ([intIdCiudad], [intIdDepartamento], [intCodigo], [strDescripcion]) VALUES (815, 18, 670, N'SAN CALIXTO')
INSERT [dbo].[Ciudades] ([intIdCiudad], [intIdDepartamento], [intCodigo], [strDescripcion]) VALUES (816, 18, 673, N'SAN CAYETANO')
INSERT [dbo].[Ciudades] ([intIdCiudad], [intIdDepartamento], [intCodigo], [strDescripcion]) VALUES (817, 18, 680, N'SANTIAGO')
INSERT [dbo].[Ciudades] ([intIdCiudad], [intIdDepartamento], [intCodigo], [strDescripcion]) VALUES (818, 18, 720, N'SARDINATA')
INSERT [dbo].[Ciudades] ([intIdCiudad], [intIdDepartamento], [intCodigo], [strDescripcion]) VALUES (819, 18, 743, N'SILOS')
INSERT [dbo].[Ciudades] ([intIdCiudad], [intIdDepartamento], [intCodigo], [strDescripcion]) VALUES (820, 18, 800, N'TEORAMA')
INSERT [dbo].[Ciudades] ([intIdCiudad], [intIdDepartamento], [intCodigo], [strDescripcion]) VALUES (821, 18, 810, N'TIBU')
INSERT [dbo].[Ciudades] ([intIdCiudad], [intIdDepartamento], [intCodigo], [strDescripcion]) VALUES (822, 18, 820, N'TOLEDO')
INSERT [dbo].[Ciudades] ([intIdCiudad], [intIdDepartamento], [intCodigo], [strDescripcion]) VALUES (823, 18, 871, N'VILLACARO')
INSERT [dbo].[Ciudades] ([intIdCiudad], [intIdDepartamento], [intCodigo], [strDescripcion]) VALUES (824, 18, 874, N'VILLA DEL ROSARIO')
INSERT [dbo].[Ciudades] ([intIdCiudad], [intIdDepartamento], [intCodigo], [strDescripcion]) VALUES (825, 19, 1, N'ARMENIA')
INSERT [dbo].[Ciudades] ([intIdCiudad], [intIdDepartamento], [intCodigo], [strDescripcion]) VALUES (826, 19, 111, N'BUENAVISTA')
INSERT [dbo].[Ciudades] ([intIdCiudad], [intIdDepartamento], [intCodigo], [strDescripcion]) VALUES (827, 19, 130, N'CALARCA')
INSERT [dbo].[Ciudades] ([intIdCiudad], [intIdDepartamento], [intCodigo], [strDescripcion]) VALUES (828, 19, 190, N'CIRCASIA')
INSERT [dbo].[Ciudades] ([intIdCiudad], [intIdDepartamento], [intCodigo], [strDescripcion]) VALUES (829, 19, 212, N'CORDOBA')
INSERT [dbo].[Ciudades] ([intIdCiudad], [intIdDepartamento], [intCodigo], [strDescripcion]) VALUES (830, 19, 272, N'FILANDIA')
INSERT [dbo].[Ciudades] ([intIdCiudad], [intIdDepartamento], [intCodigo], [strDescripcion]) VALUES (831, 19, 302, N'GENOVA')
INSERT [dbo].[Ciudades] ([intIdCiudad], [intIdDepartamento], [intCodigo], [strDescripcion]) VALUES (832, 19, 401, N'LA TEBAIDA')
INSERT [dbo].[Ciudades] ([intIdCiudad], [intIdDepartamento], [intCodigo], [strDescripcion]) VALUES (833, 19, 470, N'MONTENEGRO')
INSERT [dbo].[Ciudades] ([intIdCiudad], [intIdDepartamento], [intCodigo], [strDescripcion]) VALUES (834, 19, 548, N'PIJAO')
INSERT [dbo].[Ciudades] ([intIdCiudad], [intIdDepartamento], [intCodigo], [strDescripcion]) VALUES (835, 19, 594, N'QUIMBAYA')
INSERT [dbo].[Ciudades] ([intIdCiudad], [intIdDepartamento], [intCodigo], [strDescripcion]) VALUES (836, 19, 690, N'SALENTO')
INSERT [dbo].[Ciudades] ([intIdCiudad], [intIdDepartamento], [intCodigo], [strDescripcion]) VALUES (837, 20, 1, N'PEREIRA')
INSERT [dbo].[Ciudades] ([intIdCiudad], [intIdDepartamento], [intCodigo], [strDescripcion]) VALUES (838, 20, 45, N'APIA')
INSERT [dbo].[Ciudades] ([intIdCiudad], [intIdDepartamento], [intCodigo], [strDescripcion]) VALUES (839, 20, 75, N'BALBOA')
INSERT [dbo].[Ciudades] ([intIdCiudad], [intIdDepartamento], [intCodigo], [strDescripcion]) VALUES (840, 20, 88, N'BELEN DE UMBRIA')
INSERT [dbo].[Ciudades] ([intIdCiudad], [intIdDepartamento], [intCodigo], [strDescripcion]) VALUES (841, 20, 170, N'DOS QUEBRADAS')
INSERT [dbo].[Ciudades] ([intIdCiudad], [intIdDepartamento], [intCodigo], [strDescripcion]) VALUES (842, 20, 318, N'GUATICA')
INSERT [dbo].[Ciudades] ([intIdCiudad], [intIdDepartamento], [intCodigo], [strDescripcion]) VALUES (843, 20, 383, N'LA CELIA')
INSERT [dbo].[Ciudades] ([intIdCiudad], [intIdDepartamento], [intCodigo], [strDescripcion]) VALUES (844, 20, 400, N'LA VIRGINIA')
INSERT [dbo].[Ciudades] ([intIdCiudad], [intIdDepartamento], [intCodigo], [strDescripcion]) VALUES (845, 20, 440, N'MARSELLA')
INSERT [dbo].[Ciudades] ([intIdCiudad], [intIdDepartamento], [intCodigo], [strDescripcion]) VALUES (846, 20, 456, N'MISTRATO')
INSERT [dbo].[Ciudades] ([intIdCiudad], [intIdDepartamento], [intCodigo], [strDescripcion]) VALUES (847, 20, 572, N'PUEBLO RICO')
INSERT [dbo].[Ciudades] ([intIdCiudad], [intIdDepartamento], [intCodigo], [strDescripcion]) VALUES (848, 20, 594, N'QUINCHIA')
INSERT [dbo].[Ciudades] ([intIdCiudad], [intIdDepartamento], [intCodigo], [strDescripcion]) VALUES (849, 20, 682, N'SANTA ROSA DE CABAL')
INSERT [dbo].[Ciudades] ([intIdCiudad], [intIdDepartamento], [intCodigo], [strDescripcion]) VALUES (850, 20, 687, N'SANTUARIO')
INSERT [dbo].[Ciudades] ([intIdCiudad], [intIdDepartamento], [intCodigo], [strDescripcion]) VALUES (851, 21, 1, N'BUCARAMANGA')
INSERT [dbo].[Ciudades] ([intIdCiudad], [intIdDepartamento], [intCodigo], [strDescripcion]) VALUES (852, 21, 13, N'AGUADA')
INSERT [dbo].[Ciudades] ([intIdCiudad], [intIdDepartamento], [intCodigo], [strDescripcion]) VALUES (853, 21, 20, N'ALBANIA')
INSERT [dbo].[Ciudades] ([intIdCiudad], [intIdDepartamento], [intCodigo], [strDescripcion]) VALUES (854, 21, 51, N'ARATOCA')
INSERT [dbo].[Ciudades] ([intIdCiudad], [intIdDepartamento], [intCodigo], [strDescripcion]) VALUES (855, 21, 77, N'BARBOSA')
INSERT [dbo].[Ciudades] ([intIdCiudad], [intIdDepartamento], [intCodigo], [strDescripcion]) VALUES (856, 21, 79, N'BARICHARA')
INSERT [dbo].[Ciudades] ([intIdCiudad], [intIdDepartamento], [intCodigo], [strDescripcion]) VALUES (857, 21, 81, N'BARRANCABERMEJA')
INSERT [dbo].[Ciudades] ([intIdCiudad], [intIdDepartamento], [intCodigo], [strDescripcion]) VALUES (858, 21, 92, N'BETULIA')
INSERT [dbo].[Ciudades] ([intIdCiudad], [intIdDepartamento], [intCodigo], [strDescripcion]) VALUES (859, 21, 101, N'BOLIVAR')
INSERT [dbo].[Ciudades] ([intIdCiudad], [intIdDepartamento], [intCodigo], [strDescripcion]) VALUES (860, 21, 121, N'CABRERA')
INSERT [dbo].[Ciudades] ([intIdCiudad], [intIdDepartamento], [intCodigo], [strDescripcion]) VALUES (861, 21, 132, N'CALIFORNIA')
INSERT [dbo].[Ciudades] ([intIdCiudad], [intIdDepartamento], [intCodigo], [strDescripcion]) VALUES (862, 21, 147, N'CAPITANEJO')
INSERT [dbo].[Ciudades] ([intIdCiudad], [intIdDepartamento], [intCodigo], [strDescripcion]) VALUES (863, 21, 152, N'CARCASI')
INSERT [dbo].[Ciudades] ([intIdCiudad], [intIdDepartamento], [intCodigo], [strDescripcion]) VALUES (864, 21, 160, N'CEPITA')
INSERT [dbo].[Ciudades] ([intIdCiudad], [intIdDepartamento], [intCodigo], [strDescripcion]) VALUES (865, 21, 162, N'CERRITO')
INSERT [dbo].[Ciudades] ([intIdCiudad], [intIdDepartamento], [intCodigo], [strDescripcion]) VALUES (866, 21, 167, N'CHARALA')
INSERT [dbo].[Ciudades] ([intIdCiudad], [intIdDepartamento], [intCodigo], [strDescripcion]) VALUES (867, 21, 169, N'CHARTA')
INSERT [dbo].[Ciudades] ([intIdCiudad], [intIdDepartamento], [intCodigo], [strDescripcion]) VALUES (868, 21, 176, N'CHIMA')
INSERT [dbo].[Ciudades] ([intIdCiudad], [intIdDepartamento], [intCodigo], [strDescripcion]) VALUES (869, 21, 179, N'CHIPATA')
INSERT [dbo].[Ciudades] ([intIdCiudad], [intIdDepartamento], [intCodigo], [strDescripcion]) VALUES (870, 21, 190, N'CIMITARRA')
INSERT [dbo].[Ciudades] ([intIdCiudad], [intIdDepartamento], [intCodigo], [strDescripcion]) VALUES (871, 21, 207, N'CONCEPCION')
INSERT [dbo].[Ciudades] ([intIdCiudad], [intIdDepartamento], [intCodigo], [strDescripcion]) VALUES (872, 21, 209, N'CONFINES')
INSERT [dbo].[Ciudades] ([intIdCiudad], [intIdDepartamento], [intCodigo], [strDescripcion]) VALUES (873, 21, 211, N'CONTRATACION')
INSERT [dbo].[Ciudades] ([intIdCiudad], [intIdDepartamento], [intCodigo], [strDescripcion]) VALUES (874, 21, 217, N'COROMORO')
INSERT [dbo].[Ciudades] ([intIdCiudad], [intIdDepartamento], [intCodigo], [strDescripcion]) VALUES (875, 21, 229, N'CURITI')
INSERT [dbo].[Ciudades] ([intIdCiudad], [intIdDepartamento], [intCodigo], [strDescripcion]) VALUES (876, 21, 235, N'EL CARMEN DE CHUCURY')
INSERT [dbo].[Ciudades] ([intIdCiudad], [intIdDepartamento], [intCodigo], [strDescripcion]) VALUES (877, 21, 245, N'EL GUACAMAYO')
INSERT [dbo].[Ciudades] ([intIdCiudad], [intIdDepartamento], [intCodigo], [strDescripcion]) VALUES (878, 21, 250, N'EL PEÑON')
INSERT [dbo].[Ciudades] ([intIdCiudad], [intIdDepartamento], [intCodigo], [strDescripcion]) VALUES (879, 21, 255, N'EL PLAYON')
INSERT [dbo].[Ciudades] ([intIdCiudad], [intIdDepartamento], [intCodigo], [strDescripcion]) VALUES (880, 21, 264, N'ENCINO')
INSERT [dbo].[Ciudades] ([intIdCiudad], [intIdDepartamento], [intCodigo], [strDescripcion]) VALUES (881, 21, 266, N'ENCISO')
INSERT [dbo].[Ciudades] ([intIdCiudad], [intIdDepartamento], [intCodigo], [strDescripcion]) VALUES (882, 21, 271, N'FLORIAN')
INSERT [dbo].[Ciudades] ([intIdCiudad], [intIdDepartamento], [intCodigo], [strDescripcion]) VALUES (883, 21, 276, N'FLORIDABLANCA')
INSERT [dbo].[Ciudades] ([intIdCiudad], [intIdDepartamento], [intCodigo], [strDescripcion]) VALUES (884, 21, 296, N'GALAN')
INSERT [dbo].[Ciudades] ([intIdCiudad], [intIdDepartamento], [intCodigo], [strDescripcion]) VALUES (885, 21, 298, N'GAMBITA')
INSERT [dbo].[Ciudades] ([intIdCiudad], [intIdDepartamento], [intCodigo], [strDescripcion]) VALUES (886, 21, 307, N'GIRON')
INSERT [dbo].[Ciudades] ([intIdCiudad], [intIdDepartamento], [intCodigo], [strDescripcion]) VALUES (887, 21, 318, N'GUACA')
INSERT [dbo].[Ciudades] ([intIdCiudad], [intIdDepartamento], [intCodigo], [strDescripcion]) VALUES (888, 21, 320, N'GUADALUPE')
INSERT [dbo].[Ciudades] ([intIdCiudad], [intIdDepartamento], [intCodigo], [strDescripcion]) VALUES (889, 21, 322, N'GUAPOTA')
INSERT [dbo].[Ciudades] ([intIdCiudad], [intIdDepartamento], [intCodigo], [strDescripcion]) VALUES (890, 21, 324, N'GUAVATA')
INSERT [dbo].[Ciudades] ([intIdCiudad], [intIdDepartamento], [intCodigo], [strDescripcion]) VALUES (891, 21, 327, N'GUEPSA')
INSERT [dbo].[Ciudades] ([intIdCiudad], [intIdDepartamento], [intCodigo], [strDescripcion]) VALUES (892, 21, 344, N'HATO')
INSERT [dbo].[Ciudades] ([intIdCiudad], [intIdDepartamento], [intCodigo], [strDescripcion]) VALUES (893, 21, 368, N'JESUS MARIA')
INSERT [dbo].[Ciudades] ([intIdCiudad], [intIdDepartamento], [intCodigo], [strDescripcion]) VALUES (894, 21, 370, N'JORDAN')
INSERT [dbo].[Ciudades] ([intIdCiudad], [intIdDepartamento], [intCodigo], [strDescripcion]) VALUES (895, 21, 377, N'LA BELLEZA')
INSERT [dbo].[Ciudades] ([intIdCiudad], [intIdDepartamento], [intCodigo], [strDescripcion]) VALUES (896, 21, 385, N'LANDAZURI')
INSERT [dbo].[Ciudades] ([intIdCiudad], [intIdDepartamento], [intCodigo], [strDescripcion]) VALUES (897, 21, 397, N'LA PAZ')
INSERT [dbo].[Ciudades] ([intIdCiudad], [intIdDepartamento], [intCodigo], [strDescripcion]) VALUES (898, 21, 406, N'LEBRIJA')
INSERT [dbo].[Ciudades] ([intIdCiudad], [intIdDepartamento], [intCodigo], [strDescripcion]) VALUES (899, 21, 418, N'LOS SANTOS')
INSERT [dbo].[Ciudades] ([intIdCiudad], [intIdDepartamento], [intCodigo], [strDescripcion]) VALUES (900, 21, 425, N'MACARAVITA')
GO
INSERT [dbo].[Ciudades] ([intIdCiudad], [intIdDepartamento], [intCodigo], [strDescripcion]) VALUES (901, 21, 432, N'MALAGA')
INSERT [dbo].[Ciudades] ([intIdCiudad], [intIdDepartamento], [intCodigo], [strDescripcion]) VALUES (902, 21, 444, N'MATANZA')
INSERT [dbo].[Ciudades] ([intIdCiudad], [intIdDepartamento], [intCodigo], [strDescripcion]) VALUES (903, 21, 464, N'MOGOTES')
INSERT [dbo].[Ciudades] ([intIdCiudad], [intIdDepartamento], [intCodigo], [strDescripcion]) VALUES (904, 21, 468, N'MOLAGAVITA')
INSERT [dbo].[Ciudades] ([intIdCiudad], [intIdDepartamento], [intCodigo], [strDescripcion]) VALUES (905, 21, 498, N'OCAMONTE')
INSERT [dbo].[Ciudades] ([intIdCiudad], [intIdDepartamento], [intCodigo], [strDescripcion]) VALUES (906, 21, 500, N'OIBA')
INSERT [dbo].[Ciudades] ([intIdCiudad], [intIdDepartamento], [intCodigo], [strDescripcion]) VALUES (907, 21, 502, N'ONZAGA')
INSERT [dbo].[Ciudades] ([intIdCiudad], [intIdDepartamento], [intCodigo], [strDescripcion]) VALUES (908, 21, 522, N'PALMAR')
INSERT [dbo].[Ciudades] ([intIdCiudad], [intIdDepartamento], [intCodigo], [strDescripcion]) VALUES (909, 21, 524, N'PALMAS DEL SOCORRO')
INSERT [dbo].[Ciudades] ([intIdCiudad], [intIdDepartamento], [intCodigo], [strDescripcion]) VALUES (910, 21, 533, N'PARAMO')
INSERT [dbo].[Ciudades] ([intIdCiudad], [intIdDepartamento], [intCodigo], [strDescripcion]) VALUES (911, 21, 547, N'PIEDECUESTA')
INSERT [dbo].[Ciudades] ([intIdCiudad], [intIdDepartamento], [intCodigo], [strDescripcion]) VALUES (912, 21, 549, N'PINCHOTE')
INSERT [dbo].[Ciudades] ([intIdCiudad], [intIdDepartamento], [intCodigo], [strDescripcion]) VALUES (913, 21, 572, N'PUENTE NACIONAL')
INSERT [dbo].[Ciudades] ([intIdCiudad], [intIdDepartamento], [intCodigo], [strDescripcion]) VALUES (914, 21, 573, N'PUERTO PARRA')
INSERT [dbo].[Ciudades] ([intIdCiudad], [intIdDepartamento], [intCodigo], [strDescripcion]) VALUES (915, 21, 575, N'PUERTO WILCHES')
INSERT [dbo].[Ciudades] ([intIdCiudad], [intIdDepartamento], [intCodigo], [strDescripcion]) VALUES (916, 21, 615, N'RIONEGRO')
INSERT [dbo].[Ciudades] ([intIdCiudad], [intIdDepartamento], [intCodigo], [strDescripcion]) VALUES (917, 21, 655, N'SABANA DE TORRES')
INSERT [dbo].[Ciudades] ([intIdCiudad], [intIdDepartamento], [intCodigo], [strDescripcion]) VALUES (918, 21, 669, N'SAN ANDRES')
INSERT [dbo].[Ciudades] ([intIdCiudad], [intIdDepartamento], [intCodigo], [strDescripcion]) VALUES (919, 21, 673, N'SAN BENITO')
INSERT [dbo].[Ciudades] ([intIdCiudad], [intIdDepartamento], [intCodigo], [strDescripcion]) VALUES (920, 21, 679, N'SAN GIL')
INSERT [dbo].[Ciudades] ([intIdCiudad], [intIdDepartamento], [intCodigo], [strDescripcion]) VALUES (921, 21, 682, N'SAN JOAQUIN')
INSERT [dbo].[Ciudades] ([intIdCiudad], [intIdDepartamento], [intCodigo], [strDescripcion]) VALUES (922, 21, 684, N'SAN JOSE DE MIRANDA')
INSERT [dbo].[Ciudades] ([intIdCiudad], [intIdDepartamento], [intCodigo], [strDescripcion]) VALUES (923, 21, 686, N'SAN MIGUEL')
INSERT [dbo].[Ciudades] ([intIdCiudad], [intIdDepartamento], [intCodigo], [strDescripcion]) VALUES (924, 21, 689, N'SAN VICENTE DE CHUCURI')
INSERT [dbo].[Ciudades] ([intIdCiudad], [intIdDepartamento], [intCodigo], [strDescripcion]) VALUES (925, 21, 705, N'SANTA BARBARA')
INSERT [dbo].[Ciudades] ([intIdCiudad], [intIdDepartamento], [intCodigo], [strDescripcion]) VALUES (926, 21, 720, N'SANTA HELENA DEL OPON')
INSERT [dbo].[Ciudades] ([intIdCiudad], [intIdDepartamento], [intCodigo], [strDescripcion]) VALUES (927, 21, 745, N'SIMACOTA')
INSERT [dbo].[Ciudades] ([intIdCiudad], [intIdDepartamento], [intCodigo], [strDescripcion]) VALUES (928, 21, 755, N'SOCORRO')
INSERT [dbo].[Ciudades] ([intIdCiudad], [intIdDepartamento], [intCodigo], [strDescripcion]) VALUES (929, 21, 770, N'SUAITA')
INSERT [dbo].[Ciudades] ([intIdCiudad], [intIdDepartamento], [intCodigo], [strDescripcion]) VALUES (930, 21, 773, N'SUCRE')
INSERT [dbo].[Ciudades] ([intIdCiudad], [intIdDepartamento], [intCodigo], [strDescripcion]) VALUES (931, 21, 780, N'SURATA')
INSERT [dbo].[Ciudades] ([intIdCiudad], [intIdDepartamento], [intCodigo], [strDescripcion]) VALUES (932, 21, 820, N'TONA')
INSERT [dbo].[Ciudades] ([intIdCiudad], [intIdDepartamento], [intCodigo], [strDescripcion]) VALUES (933, 21, 855, N'VALLE SAN JOSE')
INSERT [dbo].[Ciudades] ([intIdCiudad], [intIdDepartamento], [intCodigo], [strDescripcion]) VALUES (934, 21, 861, N'VELEZ')
INSERT [dbo].[Ciudades] ([intIdCiudad], [intIdDepartamento], [intCodigo], [strDescripcion]) VALUES (935, 21, 867, N'VETAS')
INSERT [dbo].[Ciudades] ([intIdCiudad], [intIdDepartamento], [intCodigo], [strDescripcion]) VALUES (936, 21, 872, N'VILLANUEVA')
INSERT [dbo].[Ciudades] ([intIdCiudad], [intIdDepartamento], [intCodigo], [strDescripcion]) VALUES (937, 21, 895, N'ZAPATOCA')
INSERT [dbo].[Ciudades] ([intIdCiudad], [intIdDepartamento], [intCodigo], [strDescripcion]) VALUES (938, 22, 1, N'SINCELEJO')
INSERT [dbo].[Ciudades] ([intIdCiudad], [intIdDepartamento], [intCodigo], [strDescripcion]) VALUES (939, 22, 110, N'BUENAVISTA')
INSERT [dbo].[Ciudades] ([intIdCiudad], [intIdDepartamento], [intCodigo], [strDescripcion]) VALUES (940, 22, 124, N'CAIMITO')
INSERT [dbo].[Ciudades] ([intIdCiudad], [intIdDepartamento], [intCodigo], [strDescripcion]) VALUES (941, 22, 204, N'COLOSO (RICAURTE)')
INSERT [dbo].[Ciudades] ([intIdCiudad], [intIdDepartamento], [intCodigo], [strDescripcion]) VALUES (942, 22, 215, N'COROZAL')
INSERT [dbo].[Ciudades] ([intIdCiudad], [intIdDepartamento], [intCodigo], [strDescripcion]) VALUES (943, 22, 230, N'CHALAN')
INSERT [dbo].[Ciudades] ([intIdCiudad], [intIdDepartamento], [intCodigo], [strDescripcion]) VALUES (944, 22, 235, N'GALERAS (NUEVA GRANADA)')
INSERT [dbo].[Ciudades] ([intIdCiudad], [intIdDepartamento], [intCodigo], [strDescripcion]) VALUES (945, 22, 265, N'GUARANDA')
INSERT [dbo].[Ciudades] ([intIdCiudad], [intIdDepartamento], [intCodigo], [strDescripcion]) VALUES (946, 22, 400, N'LA UNION')
INSERT [dbo].[Ciudades] ([intIdCiudad], [intIdDepartamento], [intCodigo], [strDescripcion]) VALUES (947, 22, 418, N'LOS PALMITOS')
INSERT [dbo].[Ciudades] ([intIdCiudad], [intIdDepartamento], [intCodigo], [strDescripcion]) VALUES (948, 22, 429, N'MAJAGUAL')
INSERT [dbo].[Ciudades] ([intIdCiudad], [intIdDepartamento], [intCodigo], [strDescripcion]) VALUES (949, 22, 473, N'MORROA')
INSERT [dbo].[Ciudades] ([intIdCiudad], [intIdDepartamento], [intCodigo], [strDescripcion]) VALUES (950, 22, 508, N'OVEJAS')
INSERT [dbo].[Ciudades] ([intIdCiudad], [intIdDepartamento], [intCodigo], [strDescripcion]) VALUES (951, 22, 523, N'PALMITO')
INSERT [dbo].[Ciudades] ([intIdCiudad], [intIdDepartamento], [intCodigo], [strDescripcion]) VALUES (952, 22, 670, N'SAMPUES')
INSERT [dbo].[Ciudades] ([intIdCiudad], [intIdDepartamento], [intCodigo], [strDescripcion]) VALUES (953, 22, 678, N'SAN BENITO ABAD')
INSERT [dbo].[Ciudades] ([intIdCiudad], [intIdDepartamento], [intCodigo], [strDescripcion]) VALUES (954, 22, 702, N'SAN JUAN DE BETULIA')
INSERT [dbo].[Ciudades] ([intIdCiudad], [intIdDepartamento], [intCodigo], [strDescripcion]) VALUES (955, 22, 708, N'SAN MARCOS')
INSERT [dbo].[Ciudades] ([intIdCiudad], [intIdDepartamento], [intCodigo], [strDescripcion]) VALUES (956, 22, 713, N'SAN ONOFRE')
INSERT [dbo].[Ciudades] ([intIdCiudad], [intIdDepartamento], [intCodigo], [strDescripcion]) VALUES (957, 22, 717, N'SAN PEDRO')
INSERT [dbo].[Ciudades] ([intIdCiudad], [intIdDepartamento], [intCodigo], [strDescripcion]) VALUES (958, 22, 742, N'SINCE')
INSERT [dbo].[Ciudades] ([intIdCiudad], [intIdDepartamento], [intCodigo], [strDescripcion]) VALUES (959, 22, 771, N'SUCRE')
INSERT [dbo].[Ciudades] ([intIdCiudad], [intIdDepartamento], [intCodigo], [strDescripcion]) VALUES (960, 22, 820, N'TOLU')
INSERT [dbo].[Ciudades] ([intIdCiudad], [intIdDepartamento], [intCodigo], [strDescripcion]) VALUES (961, 22, 823, N'TOLUVIEJO')
INSERT [dbo].[Ciudades] ([intIdCiudad], [intIdDepartamento], [intCodigo], [strDescripcion]) VALUES (962, 23, 1, N'IBAGUE')
INSERT [dbo].[Ciudades] ([intIdCiudad], [intIdDepartamento], [intCodigo], [strDescripcion]) VALUES (963, 23, 24, N'ALPUJARRA')
INSERT [dbo].[Ciudades] ([intIdCiudad], [intIdDepartamento], [intCodigo], [strDescripcion]) VALUES (964, 23, 26, N'ALVARADO')
INSERT [dbo].[Ciudades] ([intIdCiudad], [intIdDepartamento], [intCodigo], [strDescripcion]) VALUES (965, 23, 30, N'AMBALEMA')
INSERT [dbo].[Ciudades] ([intIdCiudad], [intIdDepartamento], [intCodigo], [strDescripcion]) VALUES (966, 23, 43, N'ANZOATEGUI')
INSERT [dbo].[Ciudades] ([intIdCiudad], [intIdDepartamento], [intCodigo], [strDescripcion]) VALUES (967, 23, 55, N'ARMERO (GUAYABAL)')
INSERT [dbo].[Ciudades] ([intIdCiudad], [intIdDepartamento], [intCodigo], [strDescripcion]) VALUES (968, 23, 67, N'ATACO')
INSERT [dbo].[Ciudades] ([intIdCiudad], [intIdDepartamento], [intCodigo], [strDescripcion]) VALUES (969, 23, 124, N'CAJAMARCA')
INSERT [dbo].[Ciudades] ([intIdCiudad], [intIdDepartamento], [intCodigo], [strDescripcion]) VALUES (970, 23, 148, N'CARMEN APICALA')
INSERT [dbo].[Ciudades] ([intIdCiudad], [intIdDepartamento], [intCodigo], [strDescripcion]) VALUES (971, 23, 152, N'CASABIANCA')
INSERT [dbo].[Ciudades] ([intIdCiudad], [intIdDepartamento], [intCodigo], [strDescripcion]) VALUES (972, 23, 168, N'CHAPARRAL')
INSERT [dbo].[Ciudades] ([intIdCiudad], [intIdDepartamento], [intCodigo], [strDescripcion]) VALUES (973, 23, 200, N'COELLO')
INSERT [dbo].[Ciudades] ([intIdCiudad], [intIdDepartamento], [intCodigo], [strDescripcion]) VALUES (974, 23, 217, N'COYAIMA')
INSERT [dbo].[Ciudades] ([intIdCiudad], [intIdDepartamento], [intCodigo], [strDescripcion]) VALUES (975, 23, 226, N'CUNDAY')
INSERT [dbo].[Ciudades] ([intIdCiudad], [intIdDepartamento], [intCodigo], [strDescripcion]) VALUES (976, 23, 236, N'DOLORES')
INSERT [dbo].[Ciudades] ([intIdCiudad], [intIdDepartamento], [intCodigo], [strDescripcion]) VALUES (977, 23, 268, N'ESPINAL')
INSERT [dbo].[Ciudades] ([intIdCiudad], [intIdDepartamento], [intCodigo], [strDescripcion]) VALUES (978, 23, 270, N'FALAN')
INSERT [dbo].[Ciudades] ([intIdCiudad], [intIdDepartamento], [intCodigo], [strDescripcion]) VALUES (979, 23, 275, N'FLANDES')
INSERT [dbo].[Ciudades] ([intIdCiudad], [intIdDepartamento], [intCodigo], [strDescripcion]) VALUES (980, 23, 283, N'FRESNO')
INSERT [dbo].[Ciudades] ([intIdCiudad], [intIdDepartamento], [intCodigo], [strDescripcion]) VALUES (981, 23, 319, N'GUAMO')
INSERT [dbo].[Ciudades] ([intIdCiudad], [intIdDepartamento], [intCodigo], [strDescripcion]) VALUES (982, 23, 347, N'HERVEO')
INSERT [dbo].[Ciudades] ([intIdCiudad], [intIdDepartamento], [intCodigo], [strDescripcion]) VALUES (983, 23, 349, N'HONDA')
INSERT [dbo].[Ciudades] ([intIdCiudad], [intIdDepartamento], [intCodigo], [strDescripcion]) VALUES (984, 23, 352, N'ICONONZO')
INSERT [dbo].[Ciudades] ([intIdCiudad], [intIdDepartamento], [intCodigo], [strDescripcion]) VALUES (985, 23, 408, N'LERIDA')
INSERT [dbo].[Ciudades] ([intIdCiudad], [intIdDepartamento], [intCodigo], [strDescripcion]) VALUES (986, 23, 411, N'LIBANO')
INSERT [dbo].[Ciudades] ([intIdCiudad], [intIdDepartamento], [intCodigo], [strDescripcion]) VALUES (987, 23, 443, N'MARIQUITA')
INSERT [dbo].[Ciudades] ([intIdCiudad], [intIdDepartamento], [intCodigo], [strDescripcion]) VALUES (988, 23, 449, N'MELGAR')
INSERT [dbo].[Ciudades] ([intIdCiudad], [intIdDepartamento], [intCodigo], [strDescripcion]) VALUES (989, 23, 461, N'MURILLO')
INSERT [dbo].[Ciudades] ([intIdCiudad], [intIdDepartamento], [intCodigo], [strDescripcion]) VALUES (990, 23, 483, N'NATAGAIMA')
INSERT [dbo].[Ciudades] ([intIdCiudad], [intIdDepartamento], [intCodigo], [strDescripcion]) VALUES (991, 23, 504, N'ORTEGA')
INSERT [dbo].[Ciudades] ([intIdCiudad], [intIdDepartamento], [intCodigo], [strDescripcion]) VALUES (992, 23, 520, N'PALOCABILDO')
INSERT [dbo].[Ciudades] ([intIdCiudad], [intIdDepartamento], [intCodigo], [strDescripcion]) VALUES (993, 23, 547, N'PIEDRAS')
INSERT [dbo].[Ciudades] ([intIdCiudad], [intIdDepartamento], [intCodigo], [strDescripcion]) VALUES (994, 23, 555, N'PLANADAS')
INSERT [dbo].[Ciudades] ([intIdCiudad], [intIdDepartamento], [intCodigo], [strDescripcion]) VALUES (995, 23, 563, N'PRADO')
INSERT [dbo].[Ciudades] ([intIdCiudad], [intIdDepartamento], [intCodigo], [strDescripcion]) VALUES (996, 23, 585, N'PURIFICACION')
INSERT [dbo].[Ciudades] ([intIdCiudad], [intIdDepartamento], [intCodigo], [strDescripcion]) VALUES (997, 23, 616, N'RIOBLANCO')
INSERT [dbo].[Ciudades] ([intIdCiudad], [intIdDepartamento], [intCodigo], [strDescripcion]) VALUES (998, 23, 622, N'RONCESVALLES')
INSERT [dbo].[Ciudades] ([intIdCiudad], [intIdDepartamento], [intCodigo], [strDescripcion]) VALUES (999, 23, 624, N'ROVIRA')
INSERT [dbo].[Ciudades] ([intIdCiudad], [intIdDepartamento], [intCodigo], [strDescripcion]) VALUES (1000, 23, 671, N'SALDAÑA')
GO
INSERT [dbo].[Ciudades] ([intIdCiudad], [intIdDepartamento], [intCodigo], [strDescripcion]) VALUES (1001, 23, 675, N'SAN ANTONIO')
INSERT [dbo].[Ciudades] ([intIdCiudad], [intIdDepartamento], [intCodigo], [strDescripcion]) VALUES (1002, 23, 678, N'SAN LUIS')
INSERT [dbo].[Ciudades] ([intIdCiudad], [intIdDepartamento], [intCodigo], [strDescripcion]) VALUES (1003, 23, 686, N'SANTA ISABEL')
INSERT [dbo].[Ciudades] ([intIdCiudad], [intIdDepartamento], [intCodigo], [strDescripcion]) VALUES (1004, 23, 770, N'SUAREZ')
INSERT [dbo].[Ciudades] ([intIdCiudad], [intIdDepartamento], [intCodigo], [strDescripcion]) VALUES (1005, 23, 854, N'VALLE DE SAN JUAN')
INSERT [dbo].[Ciudades] ([intIdCiudad], [intIdDepartamento], [intCodigo], [strDescripcion]) VALUES (1006, 23, 861, N'VENADILLO')
INSERT [dbo].[Ciudades] ([intIdCiudad], [intIdDepartamento], [intCodigo], [strDescripcion]) VALUES (1007, 23, 870, N'VILLAHERMOSA')
INSERT [dbo].[Ciudades] ([intIdCiudad], [intIdDepartamento], [intCodigo], [strDescripcion]) VALUES (1008, 23, 873, N'VILLARRICA')
INSERT [dbo].[Ciudades] ([intIdCiudad], [intIdDepartamento], [intCodigo], [strDescripcion]) VALUES (1009, 24, 1, N'CALI (SANTIAGO DE CALI)')
INSERT [dbo].[Ciudades] ([intIdCiudad], [intIdDepartamento], [intCodigo], [strDescripcion]) VALUES (1010, 24, 20, N'ALCALA')
INSERT [dbo].[Ciudades] ([intIdCiudad], [intIdDepartamento], [intCodigo], [strDescripcion]) VALUES (1011, 24, 36, N'ANDALUCIA')
INSERT [dbo].[Ciudades] ([intIdCiudad], [intIdDepartamento], [intCodigo], [strDescripcion]) VALUES (1012, 24, 41, N'ANSERMANUEVO')
INSERT [dbo].[Ciudades] ([intIdCiudad], [intIdDepartamento], [intCodigo], [strDescripcion]) VALUES (1013, 24, 54, N'ARGELIA')
INSERT [dbo].[Ciudades] ([intIdCiudad], [intIdDepartamento], [intCodigo], [strDescripcion]) VALUES (1014, 24, 100, N'BOLIVAR')
INSERT [dbo].[Ciudades] ([intIdCiudad], [intIdDepartamento], [intCodigo], [strDescripcion]) VALUES (1015, 24, 109, N'BUENAVENTURA')
INSERT [dbo].[Ciudades] ([intIdCiudad], [intIdDepartamento], [intCodigo], [strDescripcion]) VALUES (1016, 24, 111, N'BUGA')
INSERT [dbo].[Ciudades] ([intIdCiudad], [intIdDepartamento], [intCodigo], [strDescripcion]) VALUES (1017, 24, 113, N'BUGALAGRANDE')
INSERT [dbo].[Ciudades] ([intIdCiudad], [intIdDepartamento], [intCodigo], [strDescripcion]) VALUES (1018, 24, 122, N'CAICEDONIA')
INSERT [dbo].[Ciudades] ([intIdCiudad], [intIdDepartamento], [intCodigo], [strDescripcion]) VALUES (1019, 24, 126, N'CALIMA (DARIEN)')
INSERT [dbo].[Ciudades] ([intIdCiudad], [intIdDepartamento], [intCodigo], [strDescripcion]) VALUES (1020, 24, 130, N'CANDELARIA')
INSERT [dbo].[Ciudades] ([intIdCiudad], [intIdDepartamento], [intCodigo], [strDescripcion]) VALUES (1021, 24, 147, N'CARTAGO')
INSERT [dbo].[Ciudades] ([intIdCiudad], [intIdDepartamento], [intCodigo], [strDescripcion]) VALUES (1022, 24, 233, N'DAGUA')
INSERT [dbo].[Ciudades] ([intIdCiudad], [intIdDepartamento], [intCodigo], [strDescripcion]) VALUES (1023, 24, 243, N'EL AGUILA')
INSERT [dbo].[Ciudades] ([intIdCiudad], [intIdDepartamento], [intCodigo], [strDescripcion]) VALUES (1024, 24, 246, N'EL CAIRO')
INSERT [dbo].[Ciudades] ([intIdCiudad], [intIdDepartamento], [intCodigo], [strDescripcion]) VALUES (1025, 24, 248, N'EL CERRITO')
INSERT [dbo].[Ciudades] ([intIdCiudad], [intIdDepartamento], [intCodigo], [strDescripcion]) VALUES (1026, 24, 250, N'EL DOVIO')
INSERT [dbo].[Ciudades] ([intIdCiudad], [intIdDepartamento], [intCodigo], [strDescripcion]) VALUES (1027, 24, 275, N'FLORIDA')
INSERT [dbo].[Ciudades] ([intIdCiudad], [intIdDepartamento], [intCodigo], [strDescripcion]) VALUES (1028, 24, 306, N'GINEBRA')
INSERT [dbo].[Ciudades] ([intIdCiudad], [intIdDepartamento], [intCodigo], [strDescripcion]) VALUES (1029, 24, 318, N'GUACARI')
INSERT [dbo].[Ciudades] ([intIdCiudad], [intIdDepartamento], [intCodigo], [strDescripcion]) VALUES (1030, 24, 364, N'JAMUNDI')
INSERT [dbo].[Ciudades] ([intIdCiudad], [intIdDepartamento], [intCodigo], [strDescripcion]) VALUES (1031, 24, 377, N'LA CUMBRE')
INSERT [dbo].[Ciudades] ([intIdCiudad], [intIdDepartamento], [intCodigo], [strDescripcion]) VALUES (1032, 24, 400, N'LA UNION')
INSERT [dbo].[Ciudades] ([intIdCiudad], [intIdDepartamento], [intCodigo], [strDescripcion]) VALUES (1033, 24, 403, N'LA VICTORIA')
INSERT [dbo].[Ciudades] ([intIdCiudad], [intIdDepartamento], [intCodigo], [strDescripcion]) VALUES (1034, 24, 497, N'OBANDO')
INSERT [dbo].[Ciudades] ([intIdCiudad], [intIdDepartamento], [intCodigo], [strDescripcion]) VALUES (1035, 24, 520, N'PALMIRA')
INSERT [dbo].[Ciudades] ([intIdCiudad], [intIdDepartamento], [intCodigo], [strDescripcion]) VALUES (1036, 24, 563, N'PRADERA')
INSERT [dbo].[Ciudades] ([intIdCiudad], [intIdDepartamento], [intCodigo], [strDescripcion]) VALUES (1037, 24, 606, N'RESTREPO')
INSERT [dbo].[Ciudades] ([intIdCiudad], [intIdDepartamento], [intCodigo], [strDescripcion]) VALUES (1038, 24, 616, N'RIOFRIO')
INSERT [dbo].[Ciudades] ([intIdCiudad], [intIdDepartamento], [intCodigo], [strDescripcion]) VALUES (1039, 24, 622, N'ROLDANILLO')
INSERT [dbo].[Ciudades] ([intIdCiudad], [intIdDepartamento], [intCodigo], [strDescripcion]) VALUES (1040, 24, 670, N'SAN PEDRO')
INSERT [dbo].[Ciudades] ([intIdCiudad], [intIdDepartamento], [intCodigo], [strDescripcion]) VALUES (1041, 24, 736, N'SEVILLA')
INSERT [dbo].[Ciudades] ([intIdCiudad], [intIdDepartamento], [intCodigo], [strDescripcion]) VALUES (1042, 24, 823, N'TORO')
INSERT [dbo].[Ciudades] ([intIdCiudad], [intIdDepartamento], [intCodigo], [strDescripcion]) VALUES (1043, 24, 828, N'TRUJILLO')
INSERT [dbo].[Ciudades] ([intIdCiudad], [intIdDepartamento], [intCodigo], [strDescripcion]) VALUES (1044, 24, 834, N'TULUA')
INSERT [dbo].[Ciudades] ([intIdCiudad], [intIdDepartamento], [intCodigo], [strDescripcion]) VALUES (1045, 24, 845, N'ULLOA')
INSERT [dbo].[Ciudades] ([intIdCiudad], [intIdDepartamento], [intCodigo], [strDescripcion]) VALUES (1046, 24, 863, N'VERSALLES')
INSERT [dbo].[Ciudades] ([intIdCiudad], [intIdDepartamento], [intCodigo], [strDescripcion]) VALUES (1047, 24, 869, N'VIJES')
INSERT [dbo].[Ciudades] ([intIdCiudad], [intIdDepartamento], [intCodigo], [strDescripcion]) VALUES (1048, 24, 890, N'YOTOCO')
INSERT [dbo].[Ciudades] ([intIdCiudad], [intIdDepartamento], [intCodigo], [strDescripcion]) VALUES (1049, 24, 892, N'YUMBO')
INSERT [dbo].[Ciudades] ([intIdCiudad], [intIdDepartamento], [intCodigo], [strDescripcion]) VALUES (1050, 24, 895, N'ZARZAL')
INSERT [dbo].[Ciudades] ([intIdCiudad], [intIdDepartamento], [intCodigo], [strDescripcion]) VALUES (1051, 25, 1, N'ARAUCA')
INSERT [dbo].[Ciudades] ([intIdCiudad], [intIdDepartamento], [intCodigo], [strDescripcion]) VALUES (1052, 25, 65, N'ARAUQUITA')
INSERT [dbo].[Ciudades] ([intIdCiudad], [intIdDepartamento], [intCodigo], [strDescripcion]) VALUES (1053, 25, 220, N'CRAVO NORTE')
INSERT [dbo].[Ciudades] ([intIdCiudad], [intIdDepartamento], [intCodigo], [strDescripcion]) VALUES (1054, 25, 300, N'FORTUL')
INSERT [dbo].[Ciudades] ([intIdCiudad], [intIdDepartamento], [intCodigo], [strDescripcion]) VALUES (1055, 25, 591, N'PUERTO RONDON')
INSERT [dbo].[Ciudades] ([intIdCiudad], [intIdDepartamento], [intCodigo], [strDescripcion]) VALUES (1056, 25, 736, N'SARAVENA')
INSERT [dbo].[Ciudades] ([intIdCiudad], [intIdDepartamento], [intCodigo], [strDescripcion]) VALUES (1057, 25, 794, N'TAME')
INSERT [dbo].[Ciudades] ([intIdCiudad], [intIdDepartamento], [intCodigo], [strDescripcion]) VALUES (1058, 26, 1, N'YOPAL')
INSERT [dbo].[Ciudades] ([intIdCiudad], [intIdDepartamento], [intCodigo], [strDescripcion]) VALUES (1059, 26, 10, N'AGUAZUL')
INSERT [dbo].[Ciudades] ([intIdCiudad], [intIdDepartamento], [intCodigo], [strDescripcion]) VALUES (1060, 26, 15, N'CHAMEZA')
INSERT [dbo].[Ciudades] ([intIdCiudad], [intIdDepartamento], [intCodigo], [strDescripcion]) VALUES (1061, 26, 125, N'HATO COROZAL')
INSERT [dbo].[Ciudades] ([intIdCiudad], [intIdDepartamento], [intCodigo], [strDescripcion]) VALUES (1062, 26, 136, N'LA SALINA')
INSERT [dbo].[Ciudades] ([intIdCiudad], [intIdDepartamento], [intCodigo], [strDescripcion]) VALUES (1063, 26, 139, N'MANI')
INSERT [dbo].[Ciudades] ([intIdCiudad], [intIdDepartamento], [intCodigo], [strDescripcion]) VALUES (1064, 26, 162, N'MONTERREY')
INSERT [dbo].[Ciudades] ([intIdCiudad], [intIdDepartamento], [intCodigo], [strDescripcion]) VALUES (1065, 26, 225, N'NUNCHIA')
INSERT [dbo].[Ciudades] ([intIdCiudad], [intIdDepartamento], [intCodigo], [strDescripcion]) VALUES (1066, 26, 230, N'OROCUE')
INSERT [dbo].[Ciudades] ([intIdCiudad], [intIdDepartamento], [intCodigo], [strDescripcion]) VALUES (1067, 26, 250, N'PAZ DE ARIPORO')
INSERT [dbo].[Ciudades] ([intIdCiudad], [intIdDepartamento], [intCodigo], [strDescripcion]) VALUES (1068, 26, 263, N'PORE')
INSERT [dbo].[Ciudades] ([intIdCiudad], [intIdDepartamento], [intCodigo], [strDescripcion]) VALUES (1069, 26, 279, N'RECETOR')
INSERT [dbo].[Ciudades] ([intIdCiudad], [intIdDepartamento], [intCodigo], [strDescripcion]) VALUES (1070, 26, 300, N'SABANALARGA')
INSERT [dbo].[Ciudades] ([intIdCiudad], [intIdDepartamento], [intCodigo], [strDescripcion]) VALUES (1071, 26, 315, N'SACAMA')
INSERT [dbo].[Ciudades] ([intIdCiudad], [intIdDepartamento], [intCodigo], [strDescripcion]) VALUES (1072, 26, 325, N'SAN LUIS DE PALENQUE')
INSERT [dbo].[Ciudades] ([intIdCiudad], [intIdDepartamento], [intCodigo], [strDescripcion]) VALUES (1073, 26, 400, N'TAMARA')
INSERT [dbo].[Ciudades] ([intIdCiudad], [intIdDepartamento], [intCodigo], [strDescripcion]) VALUES (1074, 26, 410, N'TAURAMENA')
INSERT [dbo].[Ciudades] ([intIdCiudad], [intIdDepartamento], [intCodigo], [strDescripcion]) VALUES (1075, 26, 430, N'TRINIDAD')
INSERT [dbo].[Ciudades] ([intIdCiudad], [intIdDepartamento], [intCodigo], [strDescripcion]) VALUES (1076, 26, 440, N'VILLANUEVA')
INSERT [dbo].[Ciudades] ([intIdCiudad], [intIdDepartamento], [intCodigo], [strDescripcion]) VALUES (1077, 27, 1, N'MOCOA')
INSERT [dbo].[Ciudades] ([intIdCiudad], [intIdDepartamento], [intCodigo], [strDescripcion]) VALUES (1078, 27, 219, N'COLON')
INSERT [dbo].[Ciudades] ([intIdCiudad], [intIdDepartamento], [intCodigo], [strDescripcion]) VALUES (1079, 27, 320, N'ORITO')
INSERT [dbo].[Ciudades] ([intIdCiudad], [intIdDepartamento], [intCodigo], [strDescripcion]) VALUES (1080, 27, 568, N'PUERTO ASIS')
INSERT [dbo].[Ciudades] ([intIdCiudad], [intIdDepartamento], [intCodigo], [strDescripcion]) VALUES (1081, 27, 569, N'PUERTO CAICEDO')
INSERT [dbo].[Ciudades] ([intIdCiudad], [intIdDepartamento], [intCodigo], [strDescripcion]) VALUES (1082, 27, 571, N'PUERTO GUZMAN')
INSERT [dbo].[Ciudades] ([intIdCiudad], [intIdDepartamento], [intCodigo], [strDescripcion]) VALUES (1083, 27, 573, N'PUERTO LEGUIZAMO')
INSERT [dbo].[Ciudades] ([intIdCiudad], [intIdDepartamento], [intCodigo], [strDescripcion]) VALUES (1084, 27, 749, N'SIBUNDOY')
INSERT [dbo].[Ciudades] ([intIdCiudad], [intIdDepartamento], [intCodigo], [strDescripcion]) VALUES (1085, 27, 755, N'SAN FRANCISCO')
INSERT [dbo].[Ciudades] ([intIdCiudad], [intIdDepartamento], [intCodigo], [strDescripcion]) VALUES (1086, 27, 757, N'SAN MIGUEL (LA DORADA)')
INSERT [dbo].[Ciudades] ([intIdCiudad], [intIdDepartamento], [intCodigo], [strDescripcion]) VALUES (1087, 27, 760, N'SANTIAGO')
INSERT [dbo].[Ciudades] ([intIdCiudad], [intIdDepartamento], [intCodigo], [strDescripcion]) VALUES (1088, 27, 865, N'LA HORMIGA (VALLE DEL GUAMUEZ)')
INSERT [dbo].[Ciudades] ([intIdCiudad], [intIdDepartamento], [intCodigo], [strDescripcion]) VALUES (1089, 27, 885, N'VILLAGARZON')
INSERT [dbo].[Ciudades] ([intIdCiudad], [intIdDepartamento], [intCodigo], [strDescripcion]) VALUES (1090, 28, 1, N'SAN ANDRES')
INSERT [dbo].[Ciudades] ([intIdCiudad], [intIdDepartamento], [intCodigo], [strDescripcion]) VALUES (1091, 28, 564, N'PROVIDENCIA')
INSERT [dbo].[Ciudades] ([intIdCiudad], [intIdDepartamento], [intCodigo], [strDescripcion]) VALUES (1092, 29, 1, N'LETICIA')
INSERT [dbo].[Ciudades] ([intIdCiudad], [intIdDepartamento], [intCodigo], [strDescripcion]) VALUES (1093, 29, 263, N'EL ENCANTO')
INSERT [dbo].[Ciudades] ([intIdCiudad], [intIdDepartamento], [intCodigo], [strDescripcion]) VALUES (1094, 29, 405, N'LA CHORRERA')
INSERT [dbo].[Ciudades] ([intIdCiudad], [intIdDepartamento], [intCodigo], [strDescripcion]) VALUES (1095, 29, 407, N'LA PEDRERA')
INSERT [dbo].[Ciudades] ([intIdCiudad], [intIdDepartamento], [intCodigo], [strDescripcion]) VALUES (1096, 29, 430, N'LA VICTORIA')
INSERT [dbo].[Ciudades] ([intIdCiudad], [intIdDepartamento], [intCodigo], [strDescripcion]) VALUES (1097, 29, 460, N'MIRITI-PARANA')
INSERT [dbo].[Ciudades] ([intIdCiudad], [intIdDepartamento], [intCodigo], [strDescripcion]) VALUES (1098, 29, 530, N'PUERTO ALEGRIA')
INSERT [dbo].[Ciudades] ([intIdCiudad], [intIdDepartamento], [intCodigo], [strDescripcion]) VALUES (1099, 29, 536, N'PUERTO ARICA')
INSERT [dbo].[Ciudades] ([intIdCiudad], [intIdDepartamento], [intCodigo], [strDescripcion]) VALUES (1100, 29, 540, N'PUERTO NARIÑO')
GO
INSERT [dbo].[Ciudades] ([intIdCiudad], [intIdDepartamento], [intCodigo], [strDescripcion]) VALUES (1101, 29, 669, N'PUERTO SANTANDER')
INSERT [dbo].[Ciudades] ([intIdCiudad], [intIdDepartamento], [intCodigo], [strDescripcion]) VALUES (1102, 29, 798, N'TARAPACA')
INSERT [dbo].[Ciudades] ([intIdCiudad], [intIdDepartamento], [intCodigo], [strDescripcion]) VALUES (1103, 30, 1, N'PUERTO INIRIDA')
INSERT [dbo].[Ciudades] ([intIdCiudad], [intIdDepartamento], [intCodigo], [strDescripcion]) VALUES (1104, 30, 343, N'BARRANCO MINAS')
INSERT [dbo].[Ciudades] ([intIdCiudad], [intIdDepartamento], [intCodigo], [strDescripcion]) VALUES (1105, 30, 883, N'SAN FELIPE')
INSERT [dbo].[Ciudades] ([intIdCiudad], [intIdDepartamento], [intCodigo], [strDescripcion]) VALUES (1106, 30, 884, N'PUERTO COLOMBIA')
INSERT [dbo].[Ciudades] ([intIdCiudad], [intIdDepartamento], [intCodigo], [strDescripcion]) VALUES (1107, 30, 885, N'LA GUADALUPE')
INSERT [dbo].[Ciudades] ([intIdCiudad], [intIdDepartamento], [intCodigo], [strDescripcion]) VALUES (1108, 30, 886, N'CACAHUAL')
INSERT [dbo].[Ciudades] ([intIdCiudad], [intIdDepartamento], [intCodigo], [strDescripcion]) VALUES (1109, 30, 887, N'PANA PANA (CAMPO ALEGRE)')
INSERT [dbo].[Ciudades] ([intIdCiudad], [intIdDepartamento], [intCodigo], [strDescripcion]) VALUES (1110, 30, 888, N'MORICHAL (MORICHAL NUEVO)')
INSERT [dbo].[Ciudades] ([intIdCiudad], [intIdDepartamento], [intCodigo], [strDescripcion]) VALUES (1111, 31, 1, N'SAN JOSE DEL GUAVIARE')
INSERT [dbo].[Ciudades] ([intIdCiudad], [intIdDepartamento], [intCodigo], [strDescripcion]) VALUES (1112, 31, 15, N'CALAMAR')
INSERT [dbo].[Ciudades] ([intIdCiudad], [intIdDepartamento], [intCodigo], [strDescripcion]) VALUES (1113, 31, 25, N'EL RETORNO')
INSERT [dbo].[Ciudades] ([intIdCiudad], [intIdDepartamento], [intCodigo], [strDescripcion]) VALUES (1114, 31, 200, N'MIRAFLORES')
INSERT [dbo].[Ciudades] ([intIdCiudad], [intIdDepartamento], [intCodigo], [strDescripcion]) VALUES (1115, 32, 1, N'MITU')
INSERT [dbo].[Ciudades] ([intIdCiudad], [intIdDepartamento], [intCodigo], [strDescripcion]) VALUES (1116, 32, 161, N'CARURU')
INSERT [dbo].[Ciudades] ([intIdCiudad], [intIdDepartamento], [intCodigo], [strDescripcion]) VALUES (1117, 32, 511, N'PACOA')
INSERT [dbo].[Ciudades] ([intIdCiudad], [intIdDepartamento], [intCodigo], [strDescripcion]) VALUES (1118, 32, 666, N'TARAIRA')
INSERT [dbo].[Ciudades] ([intIdCiudad], [intIdDepartamento], [intCodigo], [strDescripcion]) VALUES (1119, 32, 777, N'PAPUNAUA (MORICHAL)')
INSERT [dbo].[Ciudades] ([intIdCiudad], [intIdDepartamento], [intCodigo], [strDescripcion]) VALUES (1120, 32, 889, N'YAVARATE')
INSERT [dbo].[Ciudades] ([intIdCiudad], [intIdDepartamento], [intCodigo], [strDescripcion]) VALUES (1121, 33, 1, N'PUERTO CARREÑO')
INSERT [dbo].[Ciudades] ([intIdCiudad], [intIdDepartamento], [intCodigo], [strDescripcion]) VALUES (1122, 33, 524, N'LA PRIMAVERA')
INSERT [dbo].[Ciudades] ([intIdCiudad], [intIdDepartamento], [intCodigo], [strDescripcion]) VALUES (1123, 33, 572, N'SANTA RITA')
INSERT [dbo].[Ciudades] ([intIdCiudad], [intIdDepartamento], [intCodigo], [strDescripcion]) VALUES (1124, 33, 666, N'SANTA ROSALIA')
INSERT [dbo].[Ciudades] ([intIdCiudad], [intIdDepartamento], [intCodigo], [strDescripcion]) VALUES (1125, 33, 760, N'SAN JOSE DE OCUNE')
INSERT [dbo].[Ciudades] ([intIdCiudad], [intIdDepartamento], [intCodigo], [strDescripcion]) VALUES (1126, 33, 773, N'CUMARIBO')

go
INSERT INTO TipoEquipos ([strDescripcion])
VALUES
('Electronicos'),
('Mecanicos');
go
INSERT INTO dbo.Marcas (strNombre) 
VALUES ('Caterpillar'),
('Komatsu'), 
('Cat'),
('Volvo'),
('DeWalt'),
('Hitachi'),
('Black+Decker'),
('Sany'),
('Cinhell')
GO

INSERT INTO dbo.TipoDocumentos(strDescripcion,strCreadoPor, FechaCreado)
VALUES ('TI', 'dalvarezv', '2021-05-20 12:15:40'),
              ('CC', 'JSCasu', '2021-05-20 12:30:40'),
              ('CE', 'dalvarezv' , '2021-05-20 12:45:40'),
              ('NIT', 'JSCasu', '2021-05-20 12:50:40')
GO

INSERT INTO dbo.TipoTelefonos( strDescripcion)
VALUES 
('Fijo'),
('Celular'),
('Satelital')
GO


INSERT INTO Equipos(strIdEquipo,strDescripcion,intIdTipoEquipo,fltVrUnit,fltVrPrestamo,intImpuesto,intCantExistencia,intIdMarca,Activo,strCaracteristicas,strCreadoPor,FechaCreado)
VALUES ('1', 'Martillo Electrico', 1,50000, 10000,10,15,9,1, 'Martillo especializado en construcción de largas horas', 'JSCasu', '2021-07-13 03:07:50' ), 
('2', 'Martillo Manual', 2, 30000, 5000, 10, 20,7,1, 'Martillo solamente para uso hogareño',  'dalvarezv', '2021-07-12 02:15:10'),
('3','Retroexcabadora', 1, 210000000, 1000000, 50, 5, 4, 1, 'Retroexcavadora para trabajos pesados, buena durabilidad y eficacia', 'JsCasu', '2021-03-5 01:01:50'),
('4', 'Retroexcabadora', 1, 350000000, 2000000, 60, 10, 1, 1,'Retroexcavadora para todo tipo de trabajos', 'dalvarezv','2021-03-5 01:15:50'),                  ('3001', 'Taladro', 1, 600000, 15000, 10, 30,5,1, 'Taladro para todo tipo de uso, pero, especializado en trabajo pesado', 'JSCasu', '2021-01-20 05:15:10' ),
('5', 'Taladro Manual', 1, 80000, 5000, 5, 10,7,1, 'Taladro solo para uso hogareño', 'dalvarezv', '2021-05-20 12:15:40' )
GO

INSERT INTO dbo.Empleados(strNroDocumento, intIdTipoDocumento, strNombres, strApellidos, strTelefono, strDireccion,intIdCiudad, strUsuario, strContraseña, Activo, strCreadoPor, FechaCreado)
VALUES ('1005860607', '4', 'Diego Fdo', 'Alvarez Varela', '310576695', 'calle 50A#57-66', 1, 'dalvarezv', '1234', 1, 'dalvarezv', '2021-06-29 06:50:10'),
('1005857499', '4', 'Sebastian', 'Castillo', '3175584229', 'calle20B#57-34', 1, 'scastillo', '1234', 1, 'dalvarezv', '2021-07-13 06:50:10'), 
('1003856492', '4', 'Martin', 'Carreño', '3104484278', 'cra 15b#12-14', 1, 'mcarreño', '1234', 1, 'scastillo', '2021-07-13 06:50:10')
GO



Insert into Clientes(intIdTipoDocumento,strNroDocumento,strCorreo,strCreadoPor,FechaCreado,TipoCliente)
Values
(2,'1234567890','correo1@gmail.com','dalvarezv',GETDATE(),'N'),
(2,'1234567891','correo2@gmail.com','dalvarezv',GETDATE(),'N'),
(2,'1234567892','correo3@gmail.com','dalvarezv',GETDATE(),'N'),
(2,'1234567893','correo4@gmail.com','dalvarezv',GETDATE(),'J'),
(2,'1234567894','correo5@gmail.com','dalvarezv',GETDATE(),'J'),
(2,'1234567895','correo6@gmail.com','dalvarezv',GETDATE(),'J')
GO
INSERT INTO Natural(strNroDocumento,strNombres, Apellidos)
VALUES
('1234567890','Diego Fernando','Alvarez Varela'),
('1234567891','Omaira Jiseth','Torres Gonzalez'),
('1234567892','Valentina','Torres Gonzalez')
GO
INSERT INTO .Juridico (strNroDocumento,strRazonSocial,strContacto,strCargo)
VALUES
('1234567893','Algamar S.A.','Manuel Torres','Director TI'),
('1234567894','Demetalicos','Andres Gonzalez','Jardinero'),
('1234567895','La Finca','Yeison Estrada','Veterinario')
GO


INSERT INTO dbo.TelefonosClientes(strNroTelefonico, strNroDocumento, intIdTipoTelefono)
VALUES ('3721314', '1234567890', 1),('3721315', '1234567890', 2),('00870776999999', '1234567890', 3),
('3146677','1234567891',1),
('3137766','1234567892',1),
('3107962812','1234567893',2),
('00870776999888','1234567894',3),
('3046289809','1234567895',2)
GO
INSERT INTO Direcciones(strNroDocumento,strDireccion,intIdCiudad)
VALUES
('1234567890','Carrera 3 # 18-45',1),('1234567890','Carrera 7 # 84- 72',2),('1234567890','Calle 4 No. 5  10',1),
('1234567891','Calle 24 N° 5-60',1),('1234567894','Calle 26 N° 10-69',1),
('1234567892','Calle 48b No. 21-13',1),('1234567894','Calle 70b No. 15-60',1),
('1234567893','Cra. 60 No. 57-60',1),('1234567894','Cra. 70 No. 60-75',1),
('1234567894','Calle 10 No. 5-22',1),('1234567894','Calle 70 No. 25-45',1),
('1234567895','Carrera 20 No. 37-54',1)

go

